ENCAP1-SG-ADMLES-2;ADMINISTRACIÓN DE PREDIOS ESTATALES;1;60 HORAS;Del 27 de diciembre del  2021 al 6 de enero del año 2022;;1
ENCAP1-SG-ADMLES-3;ADMINISTRACIÓN Y EJECUCIÓN DE CONTRATOS DE OBRAS VIALES;1;60 HORAS;Del 27 de diciembre del  2021 al 6 de enero del año 2022;;1
ENCAP1-SG-ADMICA-4;ADMINISTRACIÓN Y GERENCIA EN LA GESTIÓN PÚBLICA;1;60 HORAS;Del 27 de diciembre del  2021 al 6 de enero del año 2022;;1
ENCAP1-SG-ADMPAL-5;ADMINISTRACIÓN Y GESTIÓN MUNICIPAL;1;60 HORAS;Del 27 de diciembre del  2021 al 6 de enero del año 2022;;1
ENCAP1-SG-ALBERO-6;ALBAÑILERIA Y ENCOFRADOS: INSTALACIÓN DE SISTEMA VIGACERO;1;60 HORAS;Del 27 de diciembre del  2021 al 6 de enero del año 2022;;1
ENCAP1-SG-AMPRAS-7;AMPLIACIONES DE PLAZO Y ADICIONALES EN OBRAS;1;60 HORAS;Del 27 de diciembre del  2021 al 6 de enero del año 2022;;1
ENCAP1-SG-AMPRAS-8;AMPLIACIONES DE PLAZO Y ADICIONALES EN OBRAS;1;60 HORAS;Del 27 de diciembre del  2021 al 6 de enero del año 2022;;1
ENCAP1-SG-AMP-19-9;AMPLIACIONES DE PLAZO Y MAYORES COSTOS EN OBRAS PÚBLICAS DE ACUERDO A LA DIRECTIVA 05-2020-OSCE/CD GENERADOS POR EL COVID-19;1;60 HORAS;Del 27 de diciembre del  2021 al 6 de enero del año 2022;;1
ENCAP1-SG-AMPRAS-10;AMPLIACIONES DE PLAZO Y PRESUPUESTO ADICIONALES DE OBRAS;1;60 HORAS;Del 27 de diciembre del  2021 al 6 de enero del año 2022;;1
ENCAP1-SG-ANÁAJO-11;ANÁLISIS DE TRABAJO SEGURO (ATS) Y PERMISOS DE TRABAJO;1;60 HORAS;Del 27 de diciembre del  2021 al 6 de enero del año 2022;;1
ENCAP1-SG-ANÁIÓN-12;ANÁLISIS Y DISEÑO DE CIMENTACIONES ZAPATA ASILADA, COMBINADA, CONECTADA Y PLATEA DE CIMENTACIÓN;1;60 HORAS;Del 27 de diciembre del  2021 al 6 de enero del año 2022;;1
ENCAP1-SG-ANÁADA-13;ANÁLISIS Y DISEÑO DE EDIFICIOS DE DUCTILIDAD LIMITADA;1;60 HORAS;Del 27 de diciembre del  2021 al 6 de enero del año 2022;;1
ENCAP1-SG-ANÁADA-14;ANÁLISIS Y DISEÑO DE ESTRUCTURAS DE ALBAÑILERIA CONFINADA;1;60 HORAS;Del 27 de diciembre del  2021 al 6 de enero del año 2022;;1
ENCAP1-SG-ANÁVAS-15;ANÁLISIS Y DISEÑO DE INSTITUCIONES EDUCATIVAS;1;60 HORAS;Del 27 de diciembre del  2021 al 6 de enero del año 2022;;1
ENCAP1-SG-ANÁIÓN-16;ANÁLISIS Y DISEÑO DE MUROS DE CONTENCIÓN;1;60 HORAS;Del 27 de diciembre del  2021 al 6 de enero del año 2022;;1
ENCAP1-SG-ANÁ000-17;ANÁLISIS Y DISEÑO ESTRUCTURAL CON SAP 2000;1;60 HORAS;Del 27 de diciembre del  2021 al 6 de enero del año 2022;;1
ENCAP1-SG-ANÁIAR-18;ANÁLISIS Y DISEÑO SÍSMICO VIVIENDA MULTIFAMILIAR;1;60 HORAS;Del 27 de diciembre del  2021 al 6 de enero del año 2022;;1
ENCAP1-SG-ANETIL-19;ANEMIA INFANTIL;1;60 HORAS;Del 27 de diciembre del  2021 al 6 de enero del año 2022;;1
ENCAP1-SG-APPTOS-20;APP Y OBRAS POR IMPUESTOS;1;60 HORAS;Del 27 de diciembre del  2021 al 6 de enero del año 2022;;1
ENCAP1-SG-ARBICA-21;ARBITRAJE Y JUNTA DE RESOLUCIÓN DE DISPUTAS EN LA CONTRATACIÓN PÚBLICA;1;60 HORAS;Del 27 de diciembre del  2021 al 6 de enero del año 2022;;1
ENCAP1-SG-ARCANO-22;ARCGIS PARA EL CATASTRO URBANO;1;60 HORAS;Del 27 de diciembre del  2021 al 6 de enero del año 2022;;1
ENCAP1-SG-ASIIVO-23;ASISTENTE ADMINISTRATIVO;1;60 HORAS;Del 27 de diciembre del  2021 al 6 de enero del año 2022;;1
ENCAP1-SG-ASIICA-24;ASISTENTE ADMINISTRATIVO EN LA GESTIÓN PÚBLICA;1;60 HORAS;Del 27 de diciembre del  2021 al 6 de enero del año 2022;;1
ENCAP1-SG-ASIBLE-25;ASISTENTE CONTABLE;1;60 HORAS;Del 27 de diciembre del  2021 al 6 de enero del año 2022;;1
ENCAP1-SG-ASILAS-26;ASISTENTE DE PLANILLAS;1;60 HORAS;Del 27 de diciembre del  2021 al 6 de enero del año 2022;;1
ENCAP1-SG-ASIIOS-27;ASISTENTE DE PRIMEROS AUXILIOS;1;60 HORAS;Del 27 de diciembre del  2021 al 6 de enero del año 2022;;1
ENCAP1-SG-ASINOS-28;ASISTENTE DE RECURSOS HUMANOS;1;60 HORAS;Del 27 de diciembre del  2021 al 6 de enero del año 2022;;1
ENCAP1-SG-ASIRAS-29;ASISTENTE TÉCNICO EN OBRAS;1;60 HORAS;Del 27 de diciembre del  2021 al 6 de enero del año 2022;;1
ENCAP1-SG-ASIIÓN-30;ASISTENTE TÉCNICO EN OBRAS DE CONSTRUCCIÓN;1;60 HORAS;Del 27 de diciembre del  2021 al 6 de enero del año 2022;;1
ENCAP1-SG-ASICAS-31;ASISTENTE TÉCNICO EN OBRAS PÚBLICAS;1;60 HORAS;Del 27 de diciembre del  2021 al 6 de enero del año 2022;;1
ENCAP1-SG-ASIBRA-32;ASISTENTE TÉCNICO PARA FUTUROS RESIDENTES Y SUPERVISORES DE OBRA;1;60 HORAS;Del 27 de diciembre del  2021 al 6 de enero del año 2022;;1
ENCAP1-SG-ATEICA-33;ATENCIÓN AL CIUDADANO EN LA GESTIÓN PÚBLICA;1;60 HORAS;Del 27 de diciembre del  2021 al 6 de enero del año 2022;;1
ENCAP1-SG-ATEDAS-34;ATENCIÓN AL CLIENTE EN ENTIDADES PÚBLICAS Y PRIVADAS;1;60 HORAS;Del 27 de diciembre del  2021 al 6 de enero del año 2022;;1
ENCAP1-SG-ATENTE-35;ATENCIÓN Y SERVICIO AL CLIENTE;1;60 HORAS;Del 27 de diciembre del  2021 al 6 de enero del año 2022;;1
ENCAP1-SG-AUDAJO-36;AUDITOR EN SEGURIDAD Y SALUD EN EL TRABAJO;1;60 HORAS;Del 27 de diciembre del  2021 al 6 de enero del año 2022;;1
ENCAP1-SG-AUDCAS-37;AUDITORÍA Y CONTROL DE OBRAS PÚBLICAS;1;60 HORAS;Del 27 de diciembre del  2021 al 6 de enero del año 2022;;1
ENCAP1-SG-AUDTAL-38;AUDITORÍA Y CONTROL GUBERNAMENTAL;1;60 HORAS;Del 27 de diciembre del  2021 al 6 de enero del año 2022;;1
ENCAP1-SG-AUDCAS-39;AUDITORÍA Y CUMPLIMIENTO DE OBRAS PÚBLICAS;1;60 HORAS;Del 27 de diciembre del  2021 al 6 de enero del año 2022;;1
ENCAP1-SG-AUDDAD-40;AUDITORÍA, FISCALIZACIÓN E INSPECCIÓN DE SEGURIDAD;1;60 HORAS;Del 27 de diciembre del  2021 al 6 de enero del año 2022;;1
ENCAP1-SG-AUTCAS-41;AUTODESK REVIT MEP EN INSTALACIONES ELÉCTRICAS;1;60 HORAS;Del 27 de diciembre del  2021 al 6 de enero del año 2022;;1
ENCAP1-SG-AUXRÍA-42;AUXILIAR EN ENFERMERÍA Y GERIATRÍA;1;60 HORAS;Del 27 de diciembre del  2021 al 6 de enero del año 2022;;1
ENCAP1-SG-BASRAS-43;BASES ESTABILIZADAS EN EL MANTENIMIENTO Y CONSTRUCCIÓN DE CARRETERAS;1;60 HORAS;Del 27 de diciembre del  2021 al 6 de enero del año 2022;;1
ENCAP1-SG-BIMÍON-44;BIM EN LA CONSTRUCCÍON;1;60 HORAS;Del 27 de diciembre del  2021 al 6 de enero del año 2022;;1
ENCAP1-SG-BIMRAS-45;BIM EN LA FORMULACIÓN DE EXPEDIENTES TÉCNICOS DE VARIANTES DE CARRETERAS;1;60 HORAS;Del 27 de diciembre del  2021 al 6 de enero del año 2022;;1
ENCAP1-SG-BIOAJO-46;BIOSEGURIDAD Y SALUD EN EL TRABAJO;1;60 HORAS;Del 27 de diciembre del  2021 al 6 de enero del año 2022;;1
ENCAP1-SG-BIOAJO-47;BIOSEGURIDAD, SEGURIDAD Y SALUD OCUPACIONAL EN EL TRABAJO;1;60 HORAS;Del 27 de diciembre del  2021 al 6 de enero del año 2022;;1
ENCAP1-SG-BRIIOS-48;BRIGADISTA DE PRIMEROS AUXILIOS;1;60 HORAS;Del 27 de diciembre del  2021 al 6 de enero del año 2022;;1
ENCAP1-SG-BÚSRAL-49;BÚSQUEDA Y LEVANTAMIENTO CATASTRAL;1;60 HORAS;Del 27 de diciembre del  2021 al 6 de enero del año 2022;;1
ENCAP1-SG-CAJNOS-50;CAJA CHICA, VIÁTICOS Y ENCARGOS INTERNOS;1;60 HORAS;Del 27 de diciembre del  2021 al 6 de enero del año 2022;;1
ENCAP1-SG-CÁLECT-51;CÁLCULO DE PRESUPUESTO Y PLAZO EN PROYECTOS CON S10 Y PROJECT;1;60 HORAS;Del 27 de diciembre del  2021 al 6 de enero del año 2022;;1
ENCAP1-SG-CALANO-52;CALIDAD DE ATENCIÓN AL CIUDADANO;1;60 HORAS;Del 27 de diciembre del  2021 al 6 de enero del año 2022;;1
ENCAP1-SG-CALANO-53;CALIDAD DE SERVICIO Y ATENCIÓN AL CIUDADANO;1;60 HORAS;Del 27 de diciembre del  2021 al 6 de enero del año 2022;;1
ENCAP1-SG-CATRAS-54;CATÁLOGOS ELECTRÓNICOS DE ACUERDO MARCO PERÚ COMPRAS;1;60 HORAS;Del 27 de diciembre del  2021 al 6 de enero del año 2022;;1
ENCAP1-SG-CATRAL-55;CATASTRO MUNICIPAL, REGIONAL, URBANO Y RURAL;1;60 HORAS;Del 27 de diciembre del  2021 al 6 de enero del año 2022;;1
ENCAP1-SG-CIETAL-56;CIERRE CONTABLE GUBERNAMENTAL;1;60 HORAS;Del 27 de diciembre del  2021 al 6 de enero del año 2022;;1
ENCAP1-SG-COAZGO-57;COACHING Y LIDERAZGO;1;60 HORAS;Del 27 de diciembre del  2021 al 6 de enero del año 2022;;1
ENCAP1-SG-CÓDRAL-58;CÓDIGO PROCESAL PENAL Y LITIGACIÓN ORAL;1;60 HORAS;Del 27 de diciembre del  2021 al 6 de enero del año 2022;;1
ENCAP1-SG-COMAJO-59;COMITE Y SUPERVISOR DE SEGURIDAD Y SALUD EN EL TRABAJO;1;60 HORAS;Del 27 de diciembre del  2021 al 6 de enero del año 2022;;1
ENCAP1-SG-COMCAS-60;COMPRAS MENORES O IGUALES A 8 UIT (ÓRDENES DE SERVICIO) EN LAS CONTRATACIONES PÚBLICAS;1;60 HORAS;Del 27 de diciembre del  2021 al 6 de enero del año 2022;;1
ENCAP1-SG-CONICA-61;CONSIDERACIONES LEGALES PARA EL REINICIO DE ACTIVIDADES EN LA GESTIÓN PÚBLICA;1;60 HORAS;Del 27 de diciembre del  2021 al 6 de enero del año 2022;;1
ENCAP1-SG-CONRAS-62;CONSTRUCCIÓN, MANTENIMIENTO Y REHABILITACIÓN DE CARRETERAS;1;60 HORAS;Del 27 de diciembre del  2021 al 6 de enero del año 2022;;1
ENCAP1-SG-CONCIA-63;CONTRATACIONES DEL ESTADO EN CASOS DE EMERGENCIA;1;60 HORAS;Del 27 de diciembre del  2021 al 6 de enero del año 2022;;1
ENCAP1-SG-CONUIT-64;CONTRATACIONES DEL ESTADO MENORES O IGUALES A 8 UIT;1;60 HORAS;Del 27 de diciembre del  2021 al 6 de enero del año 2022;;1
ENCAP1-SG-CONICA-65;CONTRATACIONES DEL ESTADO Y LOS DELITOS EN LA ADMINISTRACIÓN PÚBLICA;1;60 HORAS;Del 27 de diciembre del  2021 al 6 de enero del año 2022;;1
ENCAP1-SG-CON033-66;CONTRATACIONES DIRECTAS PARA COMPRAS DE ALIMENTOS EN LA APLICACIÓN DEL DECRETO DE URGENCIA 033;1;60 HORAS;Del 27 de diciembre del  2021 al 6 de enero del año 2022;;1
ENCAP1-SG-CONRAS-67;CONTRATO Y SUPERVISIÓN POR NIVELES DE SERVICIO EN CARRETERAS;1;60 HORAS;Del 27 de diciembre del  2021 al 6 de enero del año 2022;;1
ENCAP1-SG-CONTOS-68;CONTROL DE CALIDAD DE ALIMENTOS;1;60 HORAS;Del 27 de diciembre del  2021 al 6 de enero del año 2022;;1
ENCAP1-SG-CON BI-69;CONTROL DE PRODUCCIÓN DE OBRAS PÚBLICAS CON POWER BI;1;60 HORAS;Del 27 de diciembre del  2021 al 6 de enero del año 2022;;1
ENCAP1-SG-CONTAL-70;CONTROL INTERNO GUBERNAMENTAL;1;60 HORAS;Del 27 de diciembre del  2021 al 6 de enero del año 2022;;1
ENCAP1-SG-COSRÍA-71;COSTOS EN MINERÍA;1;60 HORAS;Del 27 de diciembre del  2021 al 6 de enero del año 2022;;1
ENCAP1-SG-COSS10-72;COSTOS Y PRESUPUESTOS CON S10;1;60 HORAS;Del 27 de diciembre del  2021 al 6 de enero del año 2022;;1
ENCAP1-SG-COSRAS-73;COSTOS Y PRESUPUESTOS EN CARRETERAS;1;60 HORAS;Del 27 de diciembre del  2021 al 6 de enero del año 2022;;1
ENCAP1-SG-COSCAS-74;COSTOS Y PRESUPUESTOS EN OBRAS PÚBLICAS;1;60 HORAS;Del 27 de diciembre del  2021 al 6 de enero del año 2022;;1
ENCAP1-SG-COSAJO-75;COSTOS Y PRESUPUESTOS EN OBRAS PUBLICAS PARA EL PLAN DE VIGILANCIA, PREVENCION Y CONTROL DE COVID-19 EN EL TRABAJO;1;60 HORAS;Del 27 de diciembre del  2021 al 6 de enero del año 2022;;1
ENCAP1-SG-COS.PE-76;COSTOS Y PRESUPUESTOS EN PROYECTOS DE INVERSIÓN PÚBLICA - INVIERTE.PE;1;60 HORAS;Del 27 de diciembre del  2021 al 6 de enero del año 2022;;1
ENCAP1-SG-COSRAS-77;COSTOS, PRESUPUESTOS Y PROGRAMACIÓN DE OBRAS;1;60 HORAS;Del 27 de diciembre del  2021 al 6 de enero del año 2022;;1
ENCAP1-SG-CUATAL-78;CUADERNO DE OBRA DIGITAL;1;60 HORAS;Del 27 de diciembre del  2021 al 6 de enero del año 2022;;1
ENCAP1-SG-DECNES-79;DECLARATORIA DE FÁBRICA E INDEPENDIZACIONES;1;60 HORAS;Del 27 de diciembre del  2021 al 6 de enero del año 2022;;1
ENCAP1-SG-DERIVO-80;DERECHO ADMINISTRATIVO;1;60 HORAS;Del 27 de diciembre del  2021 al 6 de enero del año 2022;;1
ENCAP1-SG-DERPAS-81;DERECHO ADMINISTRATIVO Y PAS;1;60 HORAS;Del 27 de diciembre del  2021 al 6 de enero del año 2022;;1
ENCAP1-SG-DERDOR-82;DERECHO ADMINISTRATIVO Y PROCEDIMIENTO ADMINISTRATIVO SANCIONADOR;1;60 HORAS;Del 27 de diciembre del  2021 al 6 de enero del año 2022;;1
ENCAP1-SG-DERVIL-83;DERECHO CIVIL Y PROCESAL CIVIL;1;60 HORAS;Del 27 de diciembre del  2021 al 6 de enero del año 2022;;1
ENCAP1-SG-DERNAL-84;DERECHO CONSTITUCIONAL;1;60 HORAS;Del 27 de diciembre del  2021 al 6 de enero del año 2022;;1
ENCAP1-SG-DERRAL-85;DERECHO LABORAL;1;60 HORAS;Del 27 de diciembre del  2021 al 6 de enero del año 2022;;1
ENCAP1-SG-DERTAL-86;DERECHO MINERO Y AMBIENTAL;1;60 HORAS;Del 27 de diciembre del  2021 al 6 de enero del año 2022;;1
ENCAP1-SG-DERPAL-87;DERECHO MUNICIPAL;1;60 HORAS;Del 27 de diciembre del  2021 al 6 de enero del año 2022;;1
ENCAP1-SG-DERNAL-88;DERECHO PENAL;1;60 HORAS;Del 27 de diciembre del  2021 al 6 de enero del año 2022;;1
ENCAP1-SG-DIGVOS-89;DIGITALIZACIÓN DE DOCUMENTOS Y ARCHIVOS;1;60 HORAS;Del 27 de diciembre del  2021 al 6 de enero del año 2022;;1
ENCAP1-SG-DIRPMI-90;DIRECCIÓN DE PROYECTOS BAJO EL ENFOQUE DEL PMI;1;60 HORAS;Del 27 de diciembre del  2021 al 6 de enero del año 2022;;1
ENCAP1-SG-DISEGO-91;DISEÑO AGRONÓMICO E HIDRÁULICO DE RIEGO;1;60 HORAS;Del 27 de diciembre del  2021 al 6 de enero del año 2022;;1
ENCAP1-SG-DIS 3D-92;DISEÑO DE CARRETERAS CON AUTOCAD CIVIL 3D;1;60 HORAS;Del 27 de diciembre del  2021 al 6 de enero del año 2022;;1
ENCAP1-SG-DISCAS-93;DISEÑO DE CARRETERAS DE BAJO VOLUMEN DE TRANSITO, CARRETERAS AFIRMADAS Y SOLUCIONES BÁSICAS;1;60 HORAS;Del 27 de diciembre del  2021 al 6 de enero del año 2022;;1
ENCAP1-SG-DISNES-94;DISEÑO DE CONCRETO ARMADO EN EDIFICACIONES;1;60 HORAS;Del 27 de diciembre del  2021 al 6 de enero del año 2022;;1
ENCAP1-SG-DISIÓN-95;DISEÑO DE ESTRUCTURAS METÁLICAS Y DE CONSTRUCCIÓN;1;60 HORAS;Del 27 de diciembre del  2021 al 6 de enero del año 2022;;1
ENCAP1-SG-DISLES-96;DISEÑO DE INSTALACIONES ELÉCTRICAS COMERCIALES;1;60 HORAS;Del 27 de diciembre del  2021 al 6 de enero del año 2022;;1
ENCAP1-SG-DISLES-97;DISEÑO DE INSTALACIONES ELÉCTRICAS INDUSTRIALES;1;60 HORAS;Del 27 de diciembre del  2021 al 6 de enero del año 2022;;1
ENCAP1-SG-DISLES-98;DISEÑO DE INSTALACIONES ELÉCTRICAS RESIDENCIALES;1;60 HORAS;Del 27 de diciembre del  2021 al 6 de enero del año 2022;;1
ENCAP1-SG-DISNES-99;DISEÑO DE INSTALACIONES SANITARIAS EN EDIFICACIONES;1;60 HORAS;Del 27 de diciembre del  2021 al 6 de enero del año 2022;;1
ENCAP1-SG-DISNAS-100;DISEÑO DE LOSAS, ESCALERAS Y COLUMNAS;1;60 HORAS;Del 27 de diciembre del  2021 al 6 de enero del año 2022;;1
ENCAP1-SG-DISADO-101;DISEÑO DE MUROS CONCRETO ARMADO;1;60 HORAS;Del 27 de diciembre del  2021 al 6 de enero del año 2022;;1
ENCAP1-SG-DISDES-102;DISEÑO DE MUROS DE CONTENCIÓN Y ESTABILIDAD DE TALUDES;1;60 HORAS;Del 27 de diciembre del  2021 al 6 de enero del año 2022;;1
ENCAP1-SG-DIS 3D-103;DISEÑO DE OBRAS DE ALCANTARILLADO CON AUTOCAD CIVIL 3D;1;60 HORAS;Del 27 de diciembre del  2021 al 6 de enero del año 2022;;1
ENCAP1-SG-DISRAS-104;DISEÑO DE PAVIMENTO FLEXIBLE Y SEMIRRÍGIDO EN CARRETERAS;1;60 HORAS;Del 27 de diciembre del  2021 al 6 de enero del año 2022;;1
ENCAP1-SG-DISDOS-105;DISEÑO DE PAVIMENTOS FLEXIBLES Y RÍGIDOS;1;60 HORAS;Del 27 de diciembre del  2021 al 6 de enero del año 2022;;1
ENCAP1-SG-DISSAS-106;DISEÑO DE PRESAS;1;60 HORAS;Del 27 de diciembre del  2021 al 6 de enero del año 2022;;1
ENCAP1-SG-DISNES-107;DISEÑO DE REDES Y SUBESTACIONES;1;60 HORAS;Del 27 de diciembre del  2021 al 6 de enero del año 2022;;1
ENCAP1-SG-DISNES-108;DISEÑO DE REVIT EN EDIFICACIONES;1;60 HORAS;Del 27 de diciembre del  2021 al 6 de enero del año 2022;;1
ENCAP1-SG-DISBLE-109;DISEÑO DE SISTEMAS DE AGUA POTABLE;1;60 HORAS;Del 27 de diciembre del  2021 al 6 de enero del año 2022;;1
ENCAP1-SG-DISIAL-110;DISEÑO DE SISTEMAS DE ALCANTARILLADO Y DRENAJE PLUVIAL;1;60 HORAS;Del 27 de diciembre del  2021 al 6 de enero del año 2022;;1
ENCAP1-SG-DISRRA-111;DISEÑO DE SISTEMAS DE PUESTA A TIERRA;1;60 HORAS;Del 27 de diciembre del  2021 al 6 de enero del año 2022;;1
ENCAP1-SG-DISCOS-112;DISEÑO DE TABLEROS ELÉCTRICOS;1;60 HORAS;Del 27 de diciembre del  2021 al 6 de enero del año 2022;;1
ENCAP1-SG-DISNTO-113;DISEÑO DE UBS: UNIDAD BÁSICA DE SANEAMIENTO;1;60 HORAS;Del 27 de diciembre del  2021 al 6 de enero del año 2022;;1
ENCAP1-SG-DISADO-114;DISEÑO HIDRÁULICO DE SISTEMA DE AGUA POTABLE Y ALCANTARILLADO;1;60 HORAS;Del 27 de diciembre del  2021 al 6 de enero del año 2022;;1
ENCAP1-SG-DISCOS-115;DISEÑO SÍSMICO DE CERCOS PERIMÉTRICOS;1;60 HORAS;Del 27 de diciembre del  2021 al 6 de enero del año 2022;;1
ENCAP1-SG-DISCOS-116;DISEÑO Y CONSTRUCCIÓN DE PAVIMENTOS ASFÁLTICOS;1;60 HORAS;Del 27 de diciembre del  2021 al 6 de enero del año 2022;;1
ENCAP1-SG-DISLES-117;DISEÑO Y OPERACIÓN DE PLANTAS DE TRATAMIENTO DE AGUAS RESIDUALES;1;60 HORAS;Del 27 de diciembre del  2021 al 6 de enero del año 2022;;1
ENCAP1-SG-DISNTO-118;DISEÑO Y SUPERVISIÓN DE OBRAS DE AGUA POTABLE Y SANEAMIENTO;1;60 HORAS;Del 27 de diciembre del  2021 al 6 de enero del año 2022;;1
ENCAP1-SG-DISTES-119;DISEÑO, CONSTRUCCIÓN Y MANTENIMIENTO DE PUENTES;1;60 HORAS;Del 27 de diciembre del  2021 al 6 de enero del año 2022;;1
ENCAP1-SG-DISIAS-120;DISEÑO, CONSTRUCCION Y SUPERVISIÓN DE OBRAS  SANITARIAS;1;60 HORAS;Del 27 de diciembre del  2021 al 6 de enero del año 2022;;1
ENCAP1-SG-DISRÍA-121;DISEÑO, PLANEACIÓN Y SEGURIDAD EN VOLADURAS PARA MINERÍA;1;60 HORAS;Del 27 de diciembre del  2021 al 6 de enero del año 2022;;1
ENCAP1-SG-DISEGO-122;DISEÑO, PLANEAMIENTO Y GESTIÓN DE SISTEMAS DE RIEGO;1;60 HORAS;Del 27 de diciembre del  2021 al 6 de enero del año 2022;;1
ENCAP1-SG-DRELES-123;DRENAJE EN OBRAS Y SERVICIOS VIALES;1;60 HORAS;Del 27 de diciembre del  2021 al 6 de enero del año 2022;;1
ENCAP1-SG-EJERAS-124;EJECUCIÓN POR CONTRATO Y ADMINISTRACIÓN DIRECTA EN MANTENIMIENTO DE CARRETERAS;1;60 HORAS;Del 27 de diciembre del  2021 al 6 de enero del año 2022;;1
ENCAP1-SG-EJEIAS-125;EJECUCIÓN, RESIDENCIA Y SUPERVISIÓN DE OBRAS SANITARIAS;1;60 HORAS;Del 27 de diciembre del  2021 al 6 de enero del año 2022;;1
ENCAP1-SG-ELAADO-126;ELABORACIÓN DE EETT Y TDR CONTRATACIONES DEL ESTADO;1;60 HORAS;Del 27 de diciembre del  2021 al 6 de enero del año 2022;;1
ENCAP1-SG-ELAGUA-127;ELABORACIÓN DE EXPEDIENTES PARA OBRAS DE AGUA;1;60 HORAS;Del 27 de diciembre del  2021 al 6 de enero del año 2022;;1
ENCAP1-SG-ELARAS-128;ELABORACIÓN DE EXPEDIENTES TÉCNICOS DE CARRETERAS;1;60 HORAS;Del 27 de diciembre del  2021 al 6 de enero del año 2022;;1
ENCAP1-SG-ELANAS-129;ELABORACIÓN DE EXPEDIENTES TÉCNICOS DE EDIFICACIONES Y HABILITACIONES URBANAS;1;60 HORAS;Del 27 de diciembre del  2021 al 6 de enero del año 2022;;1
ENCAP1-SG-ELA.PE-130;ELABORACIÓN DE EXPEDIENTES TÉCNICOS DE PROYECTOS PRODUCTIVOS Y SOCIALES INVIERTE.PE;1;60 HORAS;Del 27 de diciembre del  2021 al 6 de enero del año 2022;;1
ENCAP1-SG-ELARAL-131;ELABORACIÓN DE EXPEDIENTES TÉCNICOS EN SANEAMIENTO URBANO Y RURAL;1;60 HORAS;Del 27 de diciembre del  2021 al 6 de enero del año 2022;;1
ENCAP1-SG-ELABIM-132;ELABORACIÓN DE EXPEDIENTES TÉCNICOS MEDIANTE LA METODOLOGÍA BIM;1;60 HORAS;Del 27 de diciembre del  2021 al 6 de enero del año 2022;;1
ENCAP1-SG-ELALES-133;ELABORACIÓN DE EXPEDIENTES TÉCNICOS MUNICIPALES;1;60 HORAS;Del 27 de diciembre del  2021 al 6 de enero del año 2022;;1
ENCAP1-SG-ELACAS-134;ELABORACIÓN DE EXPEDIENTES TÉCNICOS PARA OBRAS PÚBLICAS;1;60 HORAS;Del 27 de diciembre del  2021 al 6 de enero del año 2022;;1
ENCAP1-SG-ELAPIA-135;ELABORACIÓN DE INSTRUMENTOS DE GESTIÓN POI, PEI Y PIA;1;60 HORAS;Del 27 de diciembre del  2021 al 6 de enero del año 2022;;1
ENCAP1-SG-ELA-19-136;ELABORACION DE LA MATRIZ IPERC COVID-19;1;60 HORAS;Del 27 de diciembre del  2021 al 6 de enero del año 2022;;1
ENCAP1-SG-ELAGOS-137;ELABORACIÓN DE MATRICES IPERC Y MAPA DE RIESGOS;1;60 HORAS;Del 27 de diciembre del  2021 al 6 de enero del año 2022;;1
ENCAP1-SG-ELALAN-138;ELABORACIÓN DEL PEI Y POI SEGÚN CEPLAN;1;60 HORAS;Del 27 de diciembre del  2021 al 6 de enero del año 2022;;1
ENCAP1-SG-ELA 19-139;ELABORACIÓN E IMPLEMENTACIÓN DE PROTOCOLOS DE SEGURIDAD PARA OBRAS DE CONSTRUCCIÓN  POST COVID - 19;1;60 HORAS;Del 27 de diciembre del  2021 al 6 de enero del año 2022;;1
ENCAP1-SG-ELA.PE-140;ELABORACIÓN Y SUPERVISIÓN DE FICHAS TÉCNICAS, PERFILES, EXPEDIENTES TÉCNICOS Y FORMATOS DE REGISTRO SEGÚN INVIERTE.PE;1;60 HORAS;Del 27 de diciembre del  2021 al 6 de enero del año 2022;;1
ENCAP1-SG-ELECOS-141;ELECTRICIDAD INDUSTRIAL Y CONTROL DE MOTORES TRIFÁSICOS;1;60 HORAS;Del 27 de diciembre del  2021 al 6 de enero del año 2022;;1
ENCAP1-SG-ENFIAS-142;ENFERMERÍA EN EMERGENCIA Y URGENCIAS HOSPITALARIAS;1;60 HORAS;Del 27 de diciembre del  2021 al 6 de enero del año 2022;;1
ENCAP1-SG-ENFNAL-143;ENFERMERÍA EN SALUD OCUPACIONAL;1;60 HORAS;Del 27 de diciembre del  2021 al 6 de enero del año 2022;;1
ENCAP1-SG-ESTANA-144;ESTIMULACIÓN E INTERVENCIÓN TEMPRANA;1;60 HORAS;Del 27 de diciembre del  2021 al 6 de enero del año 2022;;1
ENCAP1-SG-ESTADO-145;ESTRUCTURA, ANÁLISIS Y DISEÑO DE EDIFICACIONES EN CONCRETO ARMADO;1;60 HORAS;Del 27 de diciembre del  2021 al 6 de enero del año 2022;;1
ENCAP1-SG-ESTNES-146;ESTUDIO GEOTÉCNICO EN EDIFICACIONES;1;60 HORAS;Del 27 de diciembre del  2021 al 6 de enero del año 2022;;1
ENCAP1-SG-ESTTAL-147;ESTUDIOS DE IMPACTO AMBIENTAL;1;60 HORAS;Del 27 de diciembre del  2021 al 6 de enero del año 2022;;1
ENCAP1-SG-EVALAS-148;EVALUACIÓN SUPERFICIAL PAVIMENTOS: PROCEDIMIENTO DE RELEVAMIENTO DE FALLAS;1;60 HORAS;Del 27 de diciembre del  2021 al 6 de enero del año 2022;;1
ENCAP1-SG-EVAPAV-149;EVALUACIÓN SUPERFICIAL PAVIMENTOS: PROCESAMIENTO CON EL SOFTWARE EVALPAV;1;60 HORAS;Del 27 de diciembre del  2021 al 6 de enero del año 2022;;1
ENCAP1-SG-EXCICA-150;EXCEL APLICADO A LA ADMINISTRACIÓN PÚBLICA;1;60 HORAS;Del 27 de diciembre del  2021 al 6 de enero del año 2022;;1
ENCAP1-SG-EXCTOS-151;EXCEL Y POWER BI ANÁLISIS Y VISUALIZACIÓN DE DATOS;1;60 HORAS;Del 27 de diciembre del  2021 al 6 de enero del año 2022;;1
ENCAP1-SG-EXPTSE-152;EXPEDIENTES TÉCNICOS DE SEGURIDAD EN OBRAS DE EDIFICACIÓN ITSE;1;60 HORAS;Del 27 de diciembre del  2021 al 6 de enero del año 2022;;1
ENCAP1-SG-EXPATA-153;EXPEDIENTES TÉCNICOS PARA OBRAS PÚBLICAS POR CONTRATA;1;60 HORAS;Del 27 de diciembre del  2021 al 6 de enero del año 2022;;1
ENCAP1-SG-EXPRAS-154;EXPEDIENTES TÉCNICOS, VALORIZACIONES Y LIQUIDACIONES DE OBRAS;1;60 HORAS;Del 27 de diciembre del  2021 al 6 de enero del año 2022;;1
ENCAP1-SG-FACCAS-155;FACTORES DE RIESGOS OCUPACIONALES EN OBRAS PÚBLICAS;1;60 HORAS;Del 27 de diciembre del  2021 al 6 de enero del año 2022;;1
ENCAP1-SG-FIC-19-156;FICHAS TECNICAS 7D Y 7E DEL INVIERTE.PE PARA ENFRENTAR AL COVID-19;1;60 HORAS;Del 27 de diciembre del  2021 al 6 de enero del año 2022;;1
ENCAP1-SG-FIC.PE-157;FICHAS TÉCNICAS EN PROYECTOS DE INVERSIÓN PÚBLICA E IOARR - INVIERTE.PE;1;60 HORAS;Del 27 de diciembre del  2021 al 6 de enero del año 2022;;1
ENCAP1-SG-FINZAS-158;FINANZAS;1;60 HORAS;Del 27 de diciembre del  2021 al 6 de enero del año 2022;;1
ENCAP1-SG-FISFIL-159;FISCALIZACIÓN EN SEGURIDAD Y SALUD EN EL TRABAJO - MULTAS Y SANCIONES SUNAFIL;1;60 HORAS;Del 27 de diciembre del  2021 al 6 de enero del año 2022;;1
ENCAP1-SG-FISRAL-160;FISCALIZACIÓN LABORAL;1;60 HORAS;Del 27 de diciembre del  2021 al 6 de enero del año 2022;;1
ENCAP1-SG-FORAJO-161;FORMACIÓN DE SUPERVISORES DE SEGURIDAD Y SALUD EN EL TRABAJO;1;60 HORAS;Del 27 de diciembre del  2021 al 6 de enero del año 2022;;1
ENCAP1-SG-FUNRAS-162;FUNCIONES DEL RESIDENTE Y SUPERVISOR DE OBRAS;1;60 HORAS;Del 27 de diciembre del  2021 al 6 de enero del año 2022;;1
ENCAP1-SG-GEOIAL-163;GEORADAR DE PENETRACIÓN EN LA INFRAESTRUCTURA VIAL;1;60 HORAS;Del 27 de diciembre del  2021 al 6 de enero del año 2022;;1
ENCAP1-SG-GEOIAL-164;GEOTECNIA APLICADA A OBRAS DE INFRAESTRUCTURA VIAL;1;60 HORAS;Del 27 de diciembre del  2021 al 6 de enero del año 2022;;1
ENCAP1-SG-GEORAS-165;GEOTÉCNIA E HIDRÁULICA EN CARRETERAS;1;60 HORAS;Del 27 de diciembre del  2021 al 6 de enero del año 2022;;1
ENCAP1-SG-GESIAL-166;GESTIÓN COMUNITARIA Y RESPONSABILIDAD SOCIAL;1;60 HORAS;Del 27 de diciembre del  2021 al 6 de enero del año 2022;;1
ENCAP1-SG-GESRAS-167;GESTIÓN DE CALIDAD EN LA EJECUCIÓN DE CARRETERAS;1;60 HORAS;Del 27 de diciembre del  2021 al 6 de enero del año 2022;;1
ENCAP1-SG-GESRES-168;GESTIÓN DE EMERGENCIA Y DESASTRES;1;60 HORAS;Del 27 de diciembre del  2021 al 6 de enero del año 2022;;1
ENCAP1-SG-GESLES-169;GESTIÓN DE GOBIERNOS LOCALES Y REGIONALES;1;60 HORAS;Del 27 de diciembre del  2021 al 6 de enero del año 2022;;1
ENCAP1-SG-GESRÍA-170;GESTIÓN DE LA SEGURIDAD Y SALUD OCUPACIONAL EN MINERÍA;1;60 HORAS;Del 27 de diciembre del  2021 al 6 de enero del año 2022;;1
ENCAP1-SG-GESCTA-171;GESTIÓN DE OBRAS PÚBLICAS POR ADMINISTRACIÓN DIRECTA;1;60 HORAS;Del 27 de diciembre del  2021 al 6 de enero del año 2022;;1
ENCAP1-SG-GESECT-172;GESTIÓN DE PROYECTOS CON MS PROJECT;1;60 HORAS;Del 27 de diciembre del  2021 al 6 de enero del año 2022;;1
ENCAP1-SG-GES P6-173;GESTIÓN DE PROYECTOS DE CONSTRUCCIÓN CON PRIMAVERA P6;1;60 HORAS;Del 27 de diciembre del  2021 al 6 de enero del año 2022;;1
ENCAP1-SG-GES.PE-174;GESTIÓN DE PROYECTOS DE INVERSIÓN PÚBLICA EN EL MARCO DEL INVIERTE.PE;1;60 HORAS;Del 27 de diciembre del  2021 al 6 de enero del año 2022;;1
ENCAP1-SG-GESBOK-175;GESTIÓN DE PROYECTOS MINEROS BAJO EL ENFOQUE PMBOK;1;60 HORAS;Del 27 de diciembre del  2021 al 6 de enero del año 2022;;1
ENCAP1-SG-GESLES-176;GESTIÓN DE PROYECTOS Y PROGRAMAS SOCIALES;1;60 HORAS;Del 27 de diciembre del  2021 al 6 de enero del año 2022;;1
ENCAP1-SG-GESVIL-177;GESTIÓN DE RECURSOS HUMANOS Y LA LEY DEL SERVICIO CIVIL;1;60 HORAS;Del 27 de diciembre del  2021 al 6 de enero del año 2022;;1
ENCAP1-SG-GESDOS-178;GESTIÓN DE RESIDUOS SÓLIDOS;1;60 HORAS;Del 27 de diciembre del  2021 al 6 de enero del año 2022;;1
ENCAP1-SG-GESLES-179;GESTIÓN DE RIESGOS PARA OBRAS VIALES;1;60 HORAS;Del 27 de diciembre del  2021 al 6 de enero del año 2022;;1
ENCAP1-SG-GESAJO-180;GESTION DE SEGURIDAD Y SALUD EN EL TRABAJO;1;60 HORAS;Del 27 de diciembre del  2021 al 6 de enero del año 2022;;1
ENCAP1-SG-GESTAL-181;GESTIÓN DE TESORERÍA GUBERNAMENTAL;1;60 HORAS;Del 27 de diciembre del  2021 al 6 de enero del año 2022;;1
ENCAP1-SG-GESCHE-182;GESTIÓN DEL PROGRAMA VASO DE LECHE;1;60 HORAS;Del 27 de diciembre del  2021 al 6 de enero del año 2022;;1
ENCAP1-SG-GESDAD-183;GESTIÓN EFECTIVA DEL TIEMPO Y LA PRODUCTIVIDAD;1;60 HORAS;Del 27 de diciembre del  2021 al 6 de enero del año 2022;;1
ENCAP1-SG-GESIAL-184;GESTIÓN EN MANTENIMIENTO O CONSERVACIÓN VIAL;1;60 HORAS;Del 27 de diciembre del  2021 al 6 de enero del año 2022;;1
ENCAP1-SG-GESPAL-185;GESTIÓN MUNICIPAL;1;60 HORAS;Del 27 de diciembre del  2021 al 6 de enero del año 2022;;1
ENCAP1-SG-GESCAL-186;GESTIÓN MUNICIPAL Y DESARROLLO LOCAL;1;60 HORAS;Del 27 de diciembre del  2021 al 6 de enero del año 2022;;1
ENCAP1-SG-GESNAL-187;GESTIÓN MUNICIPAL Y REGIONAL;1;60 HORAS;Del 27 de diciembre del  2021 al 6 de enero del año 2022;;1
ENCAP1-SG-GESICA-188;GESTIÓN PARA RESULTADOS EN LA GESTIÓN PÚBLICA;1;60 HORAS;Del 27 de diciembre del  2021 al 6 de enero del año 2022;;1
ENCAP1-SG-GESSOS-189;GESTIÓN POR PROCESOS;1;60 HORAS;Del 27 de diciembre del  2021 al 6 de enero del año 2022;;1
ENCAP1-SG-GESICA-190;GESTIÓN POR PROCESOS EN LA ADMINISTRACIÓN PÚBLICA;1;60 HORAS;Del 27 de diciembre del  2021 al 6 de enero del año 2022;;1
ENCAP1-SG-GESICA-191;GESTIÓN POR PROCESOS EN LA GESTIÓN PÚBLICA;1;60 HORAS;Del 27 de diciembre del  2021 al 6 de enero del año 2022;;1
ENCAP1-SG-GESICO-192;GESTIÓN POR RESULTADO Y PRESUPUESTO PUBLICO;1;60 HORAS;Del 27 de diciembre del  2021 al 6 de enero del año 2022;;1
ENCAP1-SG-GESICA-193;GESTIÓN PÚBLICA;1;60 HORAS;Del 27 de diciembre del  2021 al 6 de enero del año 2022;;1
ENCAP1-SG-GESLES-194;GESTIÓN PÚBLICA PARA AUTORIDADES REGIONALES Y MUNICIPALES;1;60 HORAS;Del 27 de diciembre del  2021 al 6 de enero del año 2022;;1
ENCAP1-SG-GESTAL-195;GESTIÓN PÚBLICA Y GOBIERNO DIGITAL;1;60 HORAS;Del 27 de diciembre del  2021 al 6 de enero del año 2022;;1
ENCAP1-SG-GESADO-196;GESTIÓN PÚBLICA Y MODERNIZACIÓN DEL ESTADO;1;60 HORAS;Del 27 de diciembre del  2021 al 6 de enero del año 2022;;1
ENCAP1-SG-GESADO-197;GESTIÓN Y ADMINISTRACIÓN DE ALMACENES DEL ESTADO;1;60 HORAS;Del 27 de diciembre del  2021 al 6 de enero del año 2022;;1
ENCAP1-SG-GESLES-198;GESTIÓN Y CONTROL DE BIENES PATRIMONIALES;1;60 HORAS;Del 27 de diciembre del  2021 al 6 de enero del año 2022;;1
ENCAP1-SG-GESLES-199;GESTIÓN Y MANEJO DE CONFLICTOS SOCIALES;1;60 HORAS;Del 27 de diciembre del  2021 al 6 de enero del año 2022;;1
ENCAP1-SG-GESERA-200;GESTIÓN Y OPERATIVIDAD ADUANERA;1;60 HORAS;Del 27 de diciembre del  2021 al 6 de enero del año 2022;;1
ENCAP1-SG-HACROL-201;HACCP EL SISTEMA DE ANÁLISIS DE PELIGRO Y PUNTOS CRÍTICOS DE CONTROL;1;60 HORAS;Del 27 de diciembre del  2021 al 6 de enero del año 2022;;1
ENCAP1-SG-HEROTO-202;HERRAMIENTAS DIGITALES PARA EL TRABAJO REMOTO;1;60 HORAS;Del 27 de diciembre del  2021 al 6 de enero del año 2022;;1
ENCAP1-SG-HIDNES-203;HIDRÁULICA FLUVIAL, DISEÑO DE DEFENSAS RIBEREÑAS Y GAVIONES;1;60 HORAS;Del 27 de diciembre del  2021 al 6 de enero del año 2022;;1
ENCAP1-SG-HIGIAL-204;HIGIENE INDUSTRIAL;1;60 HORAS;Del 27 de diciembre del  2021 al 6 de enero del año 2022;;1
ENCAP1-SG-HIGTOS-205;HIGIENE Y MANIPULACIÓN DE ALIMENTOS;1;60 HORAS;Del 27 de diciembre del  2021 al 6 de enero del año 2022;;1
ENCAP1-SG-IDEGOS-206;IDENTIFICACIÓN DE PELIGROS Y EVALUACIÓN DE RIESGOS;1;60 HORAS;Del 27 de diciembre del  2021 al 6 de enero del año 2022;;1
ENCAP1-SG-IMPOES-207;IMPLEMENTACIÓN DEL SISTEMA HACCP, BPM Y POES;1;60 HORAS;Del 27 de diciembre del  2021 al 6 de enero del año 2022;;1
ENCAP1-SG-INDLES-208;INDEPENDIZACIÓN Y SUBDIVISIÓN DE INMUEBLES;1;60 HORAS;Del 27 de diciembre del  2021 al 6 de enero del año 2022;;1
ENCAP1-SG-INFTES-209;INFRAESTRUCTURA VIAL CON APLICACIÓN EN CARRETERAS Y PUENTES;1;60 HORAS;Del 27 de diciembre del  2021 al 6 de enero del año 2022;;1
ENCAP1-SG-INGRAS-210;INGENIERÍA EN PAVIMENTOS Y CARRETERAS;1;60 HORAS;Del 27 de diciembre del  2021 al 6 de enero del año 2022;;1
ENCAP1-SG-INGLÉS-211;INGLÉS;1;60 HORAS;Del 27 de diciembre del  2021 al 6 de enero del año 2022;;1
ENCAP1-SG-INSTSE-212;INSPECCIÓN TÉCNICA DE SEGURIDAD EN EDIFICACIONES ITSE;1;60 HORAS;Del 27 de diciembre del  2021 al 6 de enero del año 2022;;1
ENCAP1-SG-INSBRA-213;INSPECTOR MUNICIPAL DE OBRA;1;60 HORAS;Del 27 de diciembre del  2021 al 6 de enero del año 2022;;1
ENCAP1-SG-INSIAS-214;INSTALACIONES ELÉCTRICAS DOMICILIARIAS;1;60 HORAS;Del 27 de diciembre del  2021 al 6 de enero del año 2022;;1
ENCAP1-SG-INSIÓN-215;INSTALACIONES ELÉCTRICAS EN BAJA Y MEDIA TENSIÓN;1;60 HORAS;Del 27 de diciembre del  2021 al 6 de enero del año 2022;;1
ENCAP1-SG-INSNES-216;INSTALACIONES ELÉCTRICAS EN EDIFICACIONES;1;60 HORAS;Del 27 de diciembre del  2021 al 6 de enero del año 2022;;1
ENCAP1-SG-INT-19-217;INTELIGENCIA EMOCIONAL EN TIEMPOS DE COVID-19;1;60 HORAS;Del 27 de diciembre del  2021 al 6 de enero del año 2022;;1
ENCAP1-SG-INTIAF-218;INTERFASE SIGA SIAF;1;60 HORAS;Del 27 de diciembre del  2021 al 6 de enero del año 2022;;1
ENCAP1-SG-INTNAL-219;INTERVENCION DE ENFERMERIA EN SALUD OCUPACIONAL;1;60 HORAS;Del 27 de diciembre del  2021 al 6 de enero del año 2022;;1
ENCAP1-SG-INVLES-220;INVESTIGACIÓN DE ACCIDENTES, INCIDENTES Y ENFERMEDADES OCUPACIONALES;1;60 HORAS;Del 27 de diciembre del  2021 al 6 de enero del año 2022;;1
ENCAP1-SG-INYPIA-221;INYECTOTERAPIA;1;60 HORAS;Del 27 de diciembre del  2021 al 6 de enero del año 2022;;1
ENCAP1-SG-IOA.PE-222;IOARR Y FICHAS TÉCNICAS EN LOS PROYECTOS DE INVERSIÓN PÚBLICA - INVIERTE.PE;1;60 HORAS;Del 27 de diciembre del  2021 al 6 de enero del año 2022;;1
ENCAP1-SG-IPERÍA-223;IPERC EN MINERÍA;1;60 HORAS;Del 27 de diciembre del  2021 al 6 de enero del año 2022;;1
ENCAP1-SG-ISOCAS-224;ISO 37001(SISTEMA DE GESTIÓN ANTISOBORNO) COMO FACTOR DE PUNTAJE EN LAS CONTRATACIONES DE OBRAS PÚBLICAS;1;60 HORAS;Del 27 de diciembre del  2021 al 6 de enero del año 2022;;1
ENCAP1-SG-ISO001-225;ISO 45001;1;60 HORAS;Del 27 de diciembre del  2021 al 6 de enero del año 2022;;1
ENCAP1-SG-JUNADO-226;JUNTA DE RESOLUCIÓN DE DISPUTAS EN LA EJECUCIÓN DE OBRAS EN CONTRATACIONES CON EL ESTADO;1;60 HORAS;Del 27 de diciembre del  2021 al 6 de enero del año 2022;;1
ENCAP1-SG-LECAS -227;LECTURA DE PLANOS DE INSTALACIONES ELÉCTRICAS ;1;60 HORAS;Del 27 de diciembre del  2021 al 6 de enero del año 2022;;1
ENCAP1-SG-LECLES-228;LECTURA DE PLANOS ELÉCTRICOS, RESIDENCIALES E INDUSTRIALES;1;60 HORAS;Del 27 de diciembre del  2021 al 6 de enero del año 2022;;1
ENCAP1-SG-LECNES-229;LECTURA DE PLANOS EN EDIFICACIONES;1;60 HORAS;Del 27 de diciembre del  2021 al 6 de enero del año 2022;;1
ENCAP1-SG-LECNOS-230;LECTURA E INTERPRETACIÓN DE PLANOS;1;60 HORAS;Del 27 de diciembre del  2021 al 6 de enero del año 2022;;1
ENCAP1-SG-LEGRAL-231;LEGISLACIÓN LABORAL;1;60 HORAS;Del 27 de diciembre del  2021 al 6 de enero del año 2022;;1
ENCAP1-SG-LEGAJO-232;LEGISLACIÓN LABORAL, SEGURIDAD Y SALUD EN EL TRABAJO;1;60 HORAS;Del 27 de diciembre del  2021 al 6 de enero del año 2022;;1
ENCAP1-SG-LEYADO-233;LEY DE CONTRATACIONES DEL ESTADO;1;60 HORAS;Del 27 de diciembre del  2021 al 6 de enero del año 2022;;1
ENCAP1-SG-LEYCAS-234;LEY DE CONTRATACIONES DEL ESTADO APLICADO A OBRAS PÚBLICAS;1;60 HORAS;Del 27 de diciembre del  2021 al 6 de enero del año 2022;;1
ENCAP1-SG-LEYCIA-235;LEY DE CONTRATACIONES DEL ESTADO EN CASOS DE EMERGENCIA;1;60 HORAS;Del 27 de diciembre del  2021 al 6 de enero del año 2022;;1
ENCAP1-SG-LEY.PE-236;LEY DE CONTRATACIONES Y SU INTERRELACIÓN CON EL INVIERTE.PE;1;60 HORAS;Del 27 de diciembre del  2021 al 6 de enero del año 2022;;1
ENCAP1-SG-LEYIAS-237;LEY DE SEGURIDAD Y SALUD EN EL TRABAJO, REGLAMENTO Y MODIFICATORIAS;1;60 HORAS;Del 27 de diciembre del  2021 al 6 de enero del año 2022;;1
ENCAP1-SG-LEY444-238;LEY DEL PROCEDIMIENTO ADMINISTRATIVO GENERAL N° 27444;1;60 HORAS;Del 27 de diciembre del  2021 al 6 de enero del año 2022;;1
ENCAP1-SG-LICIÓN-239;LICENCIAS DE EDIFICACIONES: DECLARATORIA DE FÁBRICA Y REGULARIZACIÓN;1;60 HORAS;Del 27 de diciembre del  2021 al 6 de enero del año 2022;;1
ENCAP1-SG-LIDICA-240;LIDERAZGO PARA LA GESTIÓN PÚBLICA;1;60 HORAS;Del 27 de diciembre del  2021 al 6 de enero del año 2022;;1
ENCAP1-SG-LIN/CD-241;LINEAMIENTOS PARA EL USO DEL CUADERNO DE OBRA DIGITAL DIRECTIVA 009-2020-OSCE/CD;1;60 HORAS;Del 27 de diciembre del  2021 al 6 de enero del año 2022;;1
ENCAP1-SG-LINV-2-242;LINEAMIENTOS PARA LA VIGILANCIA DE LA SALUD DE LOS TRABAJADORES CON RIESGO DE EXPOSICIÓN A SARS-COV-2;1;60 HORAS;Del 27 de diciembre del  2021 al 6 de enero del año 2022;;1
ENCAP1-SG-LINNSA-243;LINEAMIENTOS PARA LA VIGILANCIA, PREVENCIÓN Y CONTROL DE LA SALUD DE LOS TRABAJADORES CON RIESGO DE EXPOSICIÓN SARS-COV-2 - R.M. N° 972-2020-MINSA;1;60 HORAS;Del 27 de diciembre del  2021 al 6 de enero del año 2022;;1
ENCAP1-SG-LINNSA-244;LINEAMIENTOS PARA LA VIGILANCIA, PREVENCIÓN Y CONTROL DE LA SALUD DE LOS TRABAJADORES CON RIESGO DE EXPOSICIÓN A COVID-19 Y MODIFICATORIAS A LA RM N°377-2020 MINSA, INTERPRETACIÓN DE LA R.M. N°448-2020-MINSA;1;60 HORAS;Del 27 de diciembre del  2021 al 6 de enero del año 2022;;1
ENCAP1-SG-LIQCTA-245;LIQUIDACIÓN DE OBRAS POR CONTRATA Y ADMINISTRACIÓN DIRECTA;1;60 HORAS;Del 27 de diciembre del  2021 al 6 de enero del año 2022;;1
ENCAP1-SG-LIQCAS-246;LIQUIDACIÓN DE OBRAS PÚBLICAS;1;60 HORAS;Del 27 de diciembre del  2021 al 6 de enero del año 2022;;1
ENCAP1-SG-LIQERA-247;LIQUIDACIÓN EN OBRAS PÚBLICAS, TÉCNICA Y FINANCIERA;1;60 HORAS;Del 27 de diciembre del  2021 al 6 de enero del año 2022;;1
ENCAP1-SG-LIQCAS-248;LIQUIDACIÓN FINANCIERA DE OBRAS PÚBLICAS;1;60 HORAS;Del 27 de diciembre del  2021 al 6 de enero del año 2022;;1
ENCAP1-SG-LIQCTA-249;LIQUIDACIÓN FINANCIERA DE OBRAS PÚBLICAS POR ADMINISTRACIÓN DIRECTA;1;60 HORAS;Del 27 de diciembre del  2021 al 6 de enero del año 2022;;1
ENCAP1-SG-LIQCTA-250;LIQUIDACIÓN Y SUPERVISION FINANCIERA DE OBRAS Y PROYECTOS DE INVERSIÓN PUBLICA BAJO LA MODALIDAD DE ADMINISTRACIÓN DIRECTA;1;60 HORAS;Del 27 de diciembre del  2021 al 6 de enero del año 2022;;1
ENCAP1-SG-LOGNAL-251;LOGÍSTICA INTERNACIONAL;1;60 HORAS;Del 27 de diciembre del  2021 al 6 de enero del año 2022;;1
ENCAP1-SG-MAEVIL-252;MAESTRO DE OBRA EN LA CONSTRUCCIÓN CIVIL;1;60 HORAS;Del 27 de diciembre del  2021 al 6 de enero del año 2022;;1
ENCAP1-SG-MAENES-253;MAESTRO DE OBRAS EN EDIFICACIONES;1;60 HORAS;Del 27 de diciembre del  2021 al 6 de enero del año 2022;;1
ENCAP1-SG-MAN-19-254;MANEJO DE PACIENTES CON COVID-19;1;60 HORAS;Del 27 de diciembre del  2021 al 6 de enero del año 2022;;1
ENCAP1-SG-MANSOS-255;MANEJO DE SUSTANCIAS QUÍMICAS Y RESIDUOS PELIGROSOS;1;60 HORAS;Del 27 de diciembre del  2021 al 6 de enero del año 2022;;1
ENCAP1-SG-MANTOS-256;MANEJO Y RESOLUCIÓN DE CONFLICTOS;1;60 HORAS;Del 27 de diciembre del  2021 al 6 de enero del año 2022;;1
ENCAP1-SG-MANLES-257;MANTENIMIENTO RUTINARIO Y PERIÓDICO DE CARRETERAS VECINALES Y DEPARTAMENTALES;1;60 HORAS;Del 27 de diciembre del  2021 al 6 de enero del año 2022;;1
ENCAP1-SG-MAR-19-258;MARCO LEGAL INVIERTE.PE PARA ENFRENTAR EL COVID-19;1;60 HORAS;Del 27 de diciembre del  2021 al 6 de enero del año 2022;;1
ENCAP1-SG-MARLLO-259;MARKETING SOCIAL Y ESTRATEGIAS DE COMUNICACIÓN PARA EL DESARROLLO;1;60 HORAS;Del 27 de diciembre del  2021 al 6 de enero del año 2022;;1
ENCAP1-SG-MECRAS-260;MECÁNICA DE SUELOS APLICADO A CARRETERAS;1;60 HORAS;Del 27 de diciembre del  2021 al 6 de enero del año 2022;;1
ENCAP1-SG-METCAS-261;METODOLOGÍA BIM Y SU APLICACIÓN EN OBRAS PÚBLICAS;1;60 HORAS;Del 27 de diciembre del  2021 al 6 de enero del año 2022;;1
ENCAP1-SG-METNES-262;METRADO EN EDIFICACIONES;1;60 HORAS;Del 27 de diciembre del  2021 al 6 de enero del año 2022;;1
ENCAP1-SG-METIÓN-263;METRADOS DE INSTALACIONES SANITARIAS EN OBRAS DE CONSTRUCCIÓN;1;60 HORAS;Del 27 de diciembre del  2021 al 6 de enero del año 2022;;1
ENCAP1-SG-METLES-264;METRADOS EN EDIFICACIONES Y OBRAS CIVILES;1;60 HORAS;Del 27 de diciembre del  2021 al 6 de enero del año 2022;;1
ENCAP1-SG-METNES-265;METRADOS EN INSTALACIONES ELÉCTRICAS EN EDIFICACIONES;1;60 HORAS;Del 27 de diciembre del  2021 al 6 de enero del año 2022;;1
ENCAP1-SG-METNES-266;METRADOS EN OBRAS DE EDIFICACIONES;1;60 HORAS;Del 27 de diciembre del  2021 al 6 de enero del año 2022;;1
ENCAP1-SG-MEZERÚ-267;MEZCLAS ASFÁLTICAS MODIFICADAS Y MEZCLAS TIBIAS, APLICACIONES EN PERÚ;1;60 HORAS;Del 27 de diciembre del  2021 al 6 de enero del año 2022;;1
ENCAP1-SG-MICADO-268;MICROSOFT EXCEL BÁSICO, INTERMEDIO Y AVANZADO;1;60 HORAS;Del 27 de diciembre del  2021 al 6 de enero del año 2022;;1
ENCAP1-SG-MODADO-269;MODELAMIENTO Y PLANEAMIENTO DE MINADO;1;60 HORAS;Del 27 de diciembre del  2021 al 6 de enero del año 2022;;1
ENCAP1-SG-MODDES-270;MODERNIZACIÓN DE LA GESTIÓN PÚBLICA, CÓDIGO DE ÉTICA Y RESPONSABILIDADES;1;60 HORAS;Del 27 de diciembre del  2021 al 6 de enero del año 2022;;1
ENCAP1-SG-MODADO-271;MODIFICACIÓN A LAS BASES ESTÁNDAR EN LAS CONTRATACIONES DEL ESTADO;1;60 HORAS;Del 27 de diciembre del  2021 al 6 de enero del año 2022;;1
ENCAP1-SG-MOD264-272;MODIFICACIONES A LA LEY 27157 DE EDIFICIOS Y CONDOMINIOS PARA RESPONDER EMERGENCIAS SANITARIAS Y DESASTRES: LEY 31264;1;60 HORAS;Del 27 de diciembre del  2021 al 6 de enero del año 2022;;1
ENCAP1-SG-NOTTES-273;NOTIFICACIÓN, INVESTIGACIÓN Y REPORTE DE INCIDENTES;1;60 HORAS;Del 27 de diciembre del  2021 al 6 de enero del año 2022;;1
ENCAP1-SG-NUE.PE-274;NUEVO SISTEMA DE INVERSIÓN PÚBLICA INVIERTE.PE;1;60 HORAS;Del 27 de diciembre del  2021 al 6 de enero del año 2022;;1
ENCAP1-SG-NUTLUD-275;NUTRICIÓN, DIETÉTICA Y SALUD;1;60 HORAS;Del 27 de diciembre del  2021 al 6 de enero del año 2022;;1
ENCAP1-SG-OBLAJO-276;OBLIGACIONES EN SEGURIDAD Y SALUD EN EL TRABAJO;1;60 HORAS;Del 27 de diciembre del  2021 al 6 de enero del año 2022;;1
ENCAP1-SG-OBRRÍA-277;OBRAS POR EJECUCIÓN PRESUPUESTARIA DIRECTA EJECUCIÓN, SUPERVISIÓN Y AUDITORÍA;1;60 HORAS;Del 27 de diciembre del  2021 al 6 de enero del año 2022;;1
ENCAP1-SG-OBRTOS-278;OBRAS POR IMPUESTOS;1;60 HORAS;Del 27 de diciembre del  2021 al 6 de enero del año 2022;;1
ENCAP1-SG-OBRADO-279;OBRAS PÚBLICAS EN LAS CONTRATACIONES CON EL ESTADO;1;60 HORAS;Del 27 de diciembre del  2021 al 6 de enero del año 2022;;1
ENCAP1-SG-OBRCTA-280;OBRAS PÚBLICAS POR ADMINISTRACIÓN DIRECTA;1;60 HORAS;Del 27 de diciembre del  2021 al 6 de enero del año 2022;;1
ENCAP1-SG-OFIICA-281;OFIMATICA APLICADA A LA GESTIÓN PÚBLICA;1;60 HORAS;Del 27 de diciembre del  2021 al 6 de enero del año 2022;;1
ENCAP1-SG-OFIADO-282;OFIMÁTICA BÁSICO - INTERMEDIO - AVANZADO;1;60 HORAS;Del 27 de diciembre del  2021 al 6 de enero del año 2022;;1
ENCAP1-SG-OFIIAL-283;OFIMÁTICA EMPRESARIAL;1;60 HORAS;Del 27 de diciembre del  2021 al 6 de enero del año 2022;;1
ENCAP1-SG-OFINAL-284;OFIMÁTICA PROFESIONAL;1;60 HORAS;Del 27 de diciembre del  2021 al 6 de enero del año 2022;;1
ENCAP1-SG-OPECOS-285;OPERADORES LOGÍSTICOS;1;60 HORAS;Del 27 de diciembre del  2021 al 6 de enero del año 2022;;1
ENCAP1-SG-ORGICO-286;ORGANIZACIONES AMBIDIESTRAS Y RESULTADOS CLAVE EN EL SECTOR PÚBLICO;1;60 HORAS;Del 27 de diciembre del  2021 al 6 de enero del año 2022;;1
ENCAP1-SG-ORTNAL-287;ORTOGRAFÍA Y REDACCIÓN EJECUTIVA PROFESIONAL;1;60 HORAS;Del 27 de diciembre del  2021 al 6 de enero del año 2022;;1
ENCAP1-SG-PACOS)-288;PACIENTES CON QUEMADURAS (MANEJO Y TRATAMIENTOS);1;60 HORAS;Del 27 de diciembre del  2021 al 6 de enero del año 2022;;1
ENCAP1-SG-PARTAL-289;PARTICIPACIÓN CIUDADANA EN LA EVALUACIÓN AMBIENTAL;1;60 HORAS;Del 27 de diciembre del  2021 al 6 de enero del año 2022;;1
ENCAP1-SG-PERNEA-290;PERFORACIÓN Y VOLADURA EN MINERÍA SUBTERRÁNEA;1;60 HORAS;Del 27 de diciembre del  2021 al 6 de enero del año 2022;;1
ENCAP1-SG-PERIAL-291;PERFORACIÓN Y VOLADURA EN MINERÍA SUPERFICIAL;1;60 HORAS;Del 27 de diciembre del  2021 al 6 de enero del año 2022;;1
ENCAP1-SG-PERIAL-292;PERFORACIÓN Y VOLADURA SUPERFICIAL;1;60 HORAS;Del 27 de diciembre del  2021 al 6 de enero del año 2022;;1
ENCAP1-SG-PERZOS-293;PERFORACIÓN, MANTENIMIENTO Y REHABILITACIÓN DE POZOS;1;60 HORAS;Del 27 de diciembre del  2021 al 6 de enero del año 2022;;1
ENCAP1-SG-PERCAS-294;PERITAJE DE OBRAS PÚBLICAS;1;60 HORAS;Del 27 de diciembre del  2021 al 6 de enero del año 2022;;1
ENCAP1-SG-PERNOS-295;PERITAJE Y TASACIONES DE PREDIOS URBANOS;1;60 HORAS;Del 27 de diciembre del  2021 al 6 de enero del año 2022;;1
ENCAP1-SG-PERTAR-296;PERMISO ESCRITO PARA TRABAJOS DE ALTO RIESGO PETAR;1;60 HORAS;Del 27 de diciembre del  2021 al 6 de enero del año 2022;;1
ENCAP1-SG-PER@CE-297;PERU COMPRAS Y SE@CE;1;60 HORAS;Del 27 de diciembre del  2021 al 6 de enero del año 2022;;1
ENCAP1-SG-PLACAS-298;PLAN DE SEGURIDAD Y SALUD EN EL TRABAJO PARA OBRAS PÚBLICAS;1;60 HORAS;Del 27 de diciembre del  2021 al 6 de enero del año 2022;;1
ENCAP1-SG-PLA020-299;PLAN DE TRABAJO PARA MANTENIMIENTO PERIÓDICO Y RUTINARIO DE CAMINOS VECINALES EN MARCO DEL DU N° 070-2020;1;60 HORAS;Del 27 de diciembre del  2021 al 6 de enero del año 2022;;1
ENCAP1-SG-PLAAJO-300;PLAN PARA LA VIGILANCIA, PREVENCIÓN Y CONTROL DEL COVID-19 EN EL TRABAJO;1;60 HORAS;Del 27 de diciembre del  2021 al 6 de enero del año 2022;;1
ENCAP1-SG-PLAICO-301;PLANEAMIENTO ESTRATÉGICO EN EL SECTOR PÚBLICO;1;60 HORAS;Del 27 de diciembre del  2021 al 6 de enero del año 2022;;1
ENCAP1-SG-PLAICA-302;PLANEAMIENTO ESTRATÉGICO EN LA GESTIÓN PÚBLICA;1;60 HORAS;Del 27 de diciembre del  2021 al 6 de enero del año 2022;;1
ENCAP1-SG-PLALAN-303;PLANEAMIENTO ESTRATÉGICO SEGÚN CEPLAN;1;60 HORAS;Del 27 de diciembre del  2021 al 6 de enero del año 2022;;1
ENCAP1-SG-PLAICA-304;PLANEAMIENTO ESTRATÉGICO Y LA ADMINISTRACIÓN PÚBLICA;1;60 HORAS;Del 27 de diciembre del  2021 al 6 de enero del año 2022;;1
ENCAP1-SG-PLABLE-305;PLANEAMIENTO URBANÍSTICO SOSTENIBLE;1;60 HORAS;Del 27 de diciembre del  2021 al 6 de enero del año 2022;;1
ENCAP1-SG-PLAICA-306;PLANEAMIENTO Y PRESUPUESTO EN LA GESTIÓN PÚBLICA;1;60 HORAS;Del 27 de diciembre del  2021 al 6 de enero del año 2022;;1
ENCAP1-SG-PLARAS-307;PLANEAMIENTO Y PROGRAMACIÓN DE OBRAS;1;60 HORAS;Del 27 de diciembre del  2021 al 6 de enero del año 2022;;1
ENCAP1-SG-PLACAS-308;PLANIFICACIÓN BIM 4D APLICADO A  INSTALACIONES ELÉCTRICAS;1;60 HORAS;Del 27 de diciembre del  2021 al 6 de enero del año 2022;;1
ENCAP1-SG-PLABIM-309;PLANIFICACIÓN DE PROYECTOS BIM;1;60 HORAS;Del 27 de diciembre del  2021 al 6 de enero del año 2022;;1
ENCAP1-SG-PLANES-310;PLANIFICACIÓN Y CONTROL DE OBRAS DE EDIFICACIONES;1;60 HORAS;Del 27 de diciembre del  2021 al 6 de enero del año 2022;;1
ENCAP1-SG-PLARAS-311;PLANIFICACIÓN Y CONTROL DE PLAZOS DE EJECUCIÓN DE OBRAS;1;60 HORAS;Del 27 de diciembre del  2021 al 6 de enero del año 2022;;1
ENCAP1-SG-PLATAR-312;PLANTAS DE TRATAMIENTO DE AGUAS RESIDUALES PTAR;1;60 HORAS;Del 27 de diciembre del  2021 al 6 de enero del año 2022;;1
ENCAP1-SG-POLCIA-313;POLÍTICAS PÚBLICAS EN SITUACIONES DE EMERGENCIA;1;60 HORAS;Del 27 de diciembre del  2021 al 6 de enero del año 2022;;1
ENCAP1-SG-PRESCE-314;PREPARACIÓN PARA LA CERTIFICACIÓN OSCE;1;60 HORAS;Del 27 de diciembre del  2021 al 6 de enero del año 2022;;1
ENCAP1-SG-PRENIO-315;PRESCRIPCIÓN ADQUISITIVA DE DOMINIO;1;60 HORAS;Del 27 de diciembre del  2021 al 6 de enero del año 2022;;1
ENCAP1-SG-PRECAS-316;PRESTACIONES ADICIONALES Y MAYORES METRADOS EN OBRAS PÚBLICAS;1;60 HORAS;Del 27 de diciembre del  2021 al 6 de enero del año 2022;;1
ENCAP1-SG-PRECAS-317;PRESUPUESTO DE OBRA, ANÁLISIS DE PRECIOS UNITARIOS Y FÓRMULAS POLINÓMICAS;1;60 HORAS;Del 27 de diciembre del  2021 al 6 de enero del año 2022;;1
ENCAP1-SG-PREICO-318;PRESUPUESTO PÚBLICO;1;60 HORAS;Del 27 de diciembre del  2021 al 6 de enero del año 2022;;1
ENCAP1-SG-PRECAS-319;PRESUPUESTO Y LIQUIDACIÓN DE OBRAS PÚBLICAS;1;60 HORAS;Del 27 de diciembre del  2021 al 6 de enero del año 2022;;1
ENCAP1-SG-PREIÓN-320;PREVENCIÓN DE RIESGO EN OBRA Y CONSTRUCCIÓN;1;60 HORAS;Del 27 de diciembre del  2021 al 6 de enero del año 2022;;1
ENCAP1-SG-PREIÓN-321;PREVENCIÓN DE RIESGOS EN OBRAS Y CONSTRUCCIÓN BASADO EN EL NUEVO REGLAMENTO DE SEGURIDAD Y SALUD EN EL TRABAJO PARA EL SECTOR CONSTRUCCIÓN;1;60 HORAS;Del 27 de diciembre del  2021 al 6 de enero del año 2022;;1
ENCAP1-SG-PREGOS-322;PREVENCIONISTA DE RIESGOS;1;60 HORAS;Del 27 de diciembre del  2021 al 6 de enero del año 2022;;1
ENCAP1-SG-PRERÍA-323;PREVENCIONISTA DE RIESGOS EN MINERÍA;1;60 HORAS;Del 27 de diciembre del  2021 al 6 de enero del año 2022;;1
ENCAP1-SG-PREAJO-324;PREVENCIONISTA DE RIESGOS EN OFICINAS Y CENTROS DE TRABAJO;1;60 HORAS;Del 27 de diciembre del  2021 al 6 de enero del año 2022;;1
ENCAP1-SG-PREOMA-325;PREVENCIONISTA DE RIESGOS LABORALES - SSOMA;1;60 HORAS;Del 27 de diciembre del  2021 al 6 de enero del año 2022;;1
ENCAP1-SG-PREAJO-326;PREVENCIONISTA DE SEGURIDAD Y SALUD OCUPACIONAL EN EL TRABAJO;1;60 HORAS;Del 27 de diciembre del  2021 al 6 de enero del año 2022;;1
ENCAP1-SG-PREOMA-327;PREVENCIONISTA SSOMA;1;60 HORAS;Del 27 de diciembre del  2021 al 6 de enero del año 2022;;1
ENCAP1-SG-PRIIOS-328;PRIMEROS AUXILIOS;1;60 HORAS;Del 27 de diciembre del  2021 al 6 de enero del año 2022;;1
ENCAP1-SG-PRILES-329;PRIMEROS AUXILIOS E INYECTABLES;1;60 HORAS;Del 27 de diciembre del  2021 al 6 de enero del año 2022;;1
ENCAP1-SG-PRIDEA-330;PRIMEROS AUXILIOS RCP Y DEA;1;60 HORAS;Del 27 de diciembre del  2021 al 6 de enero del año 2022;;1
ENCAP1-SG-PRILES-331;PRIMEROS AUXILIOS, SUTURAS E INYECTABLES;1;60 HORAS;Del 27 de diciembre del  2021 al 6 de enero del año 2022;;1
ENCAP1-SG-PROPAD-332;PROCEDIMIENTO ADMINISTRATIVO DISCIPLINARIO - PAD;1;60 HORAS;Del 27 de diciembre del  2021 al 6 de enero del año 2022;;1
ENCAP1-SG-PROPAD-333;PROCEDIMIENTO ADMINISTRATIVO DISCIPLINARIO Y SANCIONADOR PAS Y PAD;1;60 HORAS;Del 27 de diciembre del  2021 al 6 de enero del año 2022;;1
ENCAP1-SG-PROTAL-334;PROCEDIMIENTO ADMINISTRATIVO EN LA CERTIFICACIÓN AMBIENTAL;1;60 HORAS;Del 27 de diciembre del  2021 al 6 de enero del año 2022;;1
ENCAP1-SG-PROETS-335;PROCEDIMIENTO ESCRITO DE TRABAJO SEGURO PETS;1;60 HORAS;Del 27 de diciembre del  2021 al 6 de enero del año 2022;;1
ENCAP1-SG-PROSST-336;PROCEDIMIENTO PARA LA ELECCIÓN DEL COMITÉ SST, SUB COMITÉ SST Y SUPERVISOR DE SST;1;60 HORAS;Del 27 de diciembre del  2021 al 6 de enero del año 2022;;1
ENCAP1-SG-PROECT-337;PROGRAMACION DE OBRAS CON PROJECT;1;60 HORAS;Del 27 de diciembre del  2021 al 6 de enero del año 2022;;1
ENCAP1-SG-PRO.PE-338;PROGRAMACIÓN MULTIANUAL, FORMULACIÓN, EVALUACIÓN Y GESTIÓN DE PROYECTOS DE INVERSIÓN PÚBLICA - INVIERTE.PE;1;60 HORAS;Del 27 de diciembre del  2021 al 6 de enero del año 2022;;1
ENCAP1-SG-PROECT-339;PROGRAMACIÓN, CONTROL Y SEGUIMENTO DE OBRAS CON S10 Y MS PROJECT;1;60 HORAS;Del 27 de diciembre del  2021 al 6 de enero del año 2022;;1
ENCAP1-SG-PRO.PE-340;PROGRAMACIÓN, FORMULACIÓN Y GESTIÓN DE PROYECTOS DE INVERSIÓN PÚBLICA - INVIERTE.PE;1;60 HORAS;Del 27 de diciembre del  2021 al 6 de enero del año 2022;;1
ENCAP1-SG-PRORÚ -341;PROGRAMAS SOCIALES EN EL PERÚ ;1;60 HORAS;Del 27 de diciembre del  2021 al 6 de enero del año 2022;;1
ENCAP1-SG-PROPCM-342;PROTOCOLOS DE REINICIO EN OBRAS PÚBLICAS DE ACUERDO AL DS 080-2020-PCM;1;60 HORAS;Del 27 de diciembre del  2021 al 6 de enero del año 2022;;1
ENCAP1-SG-PRO-19-343;PROTOCOLOS DE SEGURIDAD Y SALUD EN EL TRABAJO POST COVID-19;1;60 HORAS;Del 27 de diciembre del  2021 al 6 de enero del año 2022;;1
ENCAP1-SG-PROCAS-344;PROTOCOLOS EN REINICIO DE OBRAS PÚBLICAS;1;60 HORAS;Del 27 de diciembre del  2021 al 6 de enero del año 2022;;1
ENCAP1-SG-PROIÓN-345;PROTOCOLOS SANITARIOS IPERC APLICADO A OBRAS DE CONSTRUCCIÓN;1;60 HORAS;Del 27 de diciembre del  2021 al 6 de enero del año 2022;;1
ENCAP1-SG-PSIICA-346;PSICOLOGÍA CLÍNICA;1;60 HORAS;Del 27 de diciembre del  2021 al 6 de enero del año 2022;;1
ENCAP1-SG-PSIIVA-347;PSICOLOGÍA EDUCATIVA;1;60 HORAS;Del 27 de diciembre del  2021 al 6 de enero del año 2022;;1
ENCAP1-SG-PSINAL-348;PSICOLOGÍA ORGANIZACIONAL;1;60 HORAS;Del 27 de diciembre del  2021 al 6 de enero del año 2022;;1
ENCAP1-SG-PSIICA-349;PSICOMOTRICIDAD EDUCATIVA Y TERAPÉUTICA;1;60 HORAS;Del 27 de diciembre del  2021 al 6 de enero del año 2022;;1
ENCAP1-SG-QUEHUA-350;QUECHUA;1;60 HORAS;Del 27 de diciembre del  2021 al 6 de enero del año 2022;;1
ENCAP1-SG-REAERÚ-351;REACTIVA PERÚ;1;60 HORAS;Del 27 de diciembre del  2021 al 6 de enero del año 2022;;1
ENCAP1-SG-REA/CD-352;REACTIVACIÓN DE OBRAS PÚBLICAS Y CONTRATOS DE SUPERVISIÓN - DIRECTIVA N°005-2020-OSCE/CD;1;60 HORAS;Del 27 de diciembre del  2021 al 6 de enero del año 2022;;1
ENCAP1-SG-RECCAS-353;RECEPCIÓN EN OBRAS PÚBLICAS;1;60 HORAS;Del 27 de diciembre del  2021 al 6 de enero del año 2022;;1
ENCAP1-SG-RECCAS-354;RECEPCIÓN Y LIQUIDACIÓN DE OBRAS PÚBLICAS;1;60 HORAS;Del 27 de diciembre del  2021 al 6 de enero del año 2022;;1
ENCAP1-SG-RECICA-355;RECLUTAMIENTO Y SELECCION EN LA GESTIÓN PÚBLICA;1;60 HORAS;Del 27 de diciembre del  2021 al 6 de enero del año 2022;;1
ENCAP1-SG-RECCAS-356;RECTIFICACIÓN DE ÁREAS, LINDEROS Y MEDIDAS PERIMÉTRICAS;1;60 HORAS;Del 27 de diciembre del  2021 al 6 de enero del año 2022;;1
ENCAP1-SG-RECICA-357;RECURSOS HUMANOS Y EL NUEVO PERFIL EN LA GESTIÓN PÚBLICA;1;60 HORAS;Del 27 de diciembre del  2021 al 6 de enero del año 2022;;1
ENCAP1-SG-RECNAL-358;RECURSOS HUMANOS Y SEGURIDAD OCUPACIONAL;1;60 HORAS;Del 27 de diciembre del  2021 al 6 de enero del año 2022;;1
ENCAP1-SG-REC-19-359;RECURSOS HUMANOS Y TELETRABAJO EN TIEMPOS DE COVID-19;1;60 HORAS;Del 27 de diciembre del  2021 al 6 de enero del año 2022;;1
ENCAP1-SG-REDICA-360;REDACCIÓN DE DOCUMENTOS EN LA GESTIÓN PÚBLICA;1;60 HORAS;Del 27 de diciembre del  2021 al 6 de enero del año 2022;;1
ENCAP1-SG-REDICA-361;REDACCIÓN DE DOCUMENTOS OFICIALES EN LA GESTIÓN PÚBLICA;1;60 HORAS;Del 27 de diciembre del  2021 al 6 de enero del año 2022;;1
ENCAP1-SG-REDADO-362;REDACCIÓN PROFESIONAL DE DOCUMENTOS ADMINISTRATIVOS PARA EL SECTOR PÚBLICO Y PRIVADO;1;60 HORAS;Del 27 de diciembre del  2021 al 6 de enero del año 2022;;1
ENCAP1-SG-REGIÓN-363;REGLAMENTO DE SEGURIDAD Y SALUD EN EL TRABAJO PARA EL SECTOR CONSTRUCCIÓN;1;60 HORAS;Del 27 de diciembre del  2021 al 6 de enero del año 2022;;1
ENCAP1-SG-REGRNE-364;REGLAMENTO NACIONAL DE EDIFICACIONES - RNE;1;60 HORAS;Del 27 de diciembre del  2021 al 6 de enero del año 2022;;1
ENCAP1-SG-REI-19-365;REINICIO DE LOS PROCEDIMIENTOS DE SELECCIÓN EN LAS CONTRATACIONES DEL ESTADO EN EL MARCO DEL COVID-19;1;60 HORAS;Del 27 de diciembre del  2021 al 6 de enero del año 2022;;1
ENCAP1-SG-REIECT-366;REINICIO DE OBRAS PÚBLICAS CON EL SOFTWARE S10 Y MS PROJECT;1;60 HORAS;Del 27 de diciembre del  2021 al 6 de enero del año 2022;;1
ENCAP1-SG-REIENA-367;REINICIO DE OBRAS PÚBLICAS POST CUARENTENA;1;60 HORAS;Del 27 de diciembre del  2021 al 6 de enero del año 2022;;1
ENCAP1-SG-RESCAS-368;RESIDENCIA DE OBRAS PÚBLICAS;1;60 HORAS;Del 27 de diciembre del  2021 al 6 de enero del año 2022;;1
ENCAP1-SG-RESRAS-369;RESIDENCIA Y SUPERVISIÓN DE CARRETERAS;1;60 HORAS;Del 27 de diciembre del  2021 al 6 de enero del año 2022;;1
ENCAP1-SG-RESRAS-370;RESIDENCIA Y SUPERVISIÓN DE OBRAS;1;60 HORAS;Del 27 de diciembre del  2021 al 6 de enero del año 2022;;1
ENCAP1-SG-RESIAL-371;RESIDENCIA Y SUPERVISIÓN DE OBRAS DE INFRAESTRUCTURA VIAL;1;60 HORAS;Del 27 de diciembre del  2021 al 6 de enero del año 2022;;1
ENCAP1-SG-RESCAS-372;RESIDENCIA Y SUPERVISIÓN DE OBRAS PÚBLICAS;1;60 HORAS;Del 27 de diciembre del  2021 al 6 de enero del año 2022;;1
ENCAP1-SG-RESATA-373;RESIDENCIA Y SUPERVISIÓN EN OBRAS POR CONTRATA;1;60 HORAS;Del 27 de diciembre del  2021 al 6 de enero del año 2022;;1
ENCAP1-SG-RESCAS-374;RESIDENCIA, SUPERVISIÓN Y SEGURIDAD DE OBRAS PÚBLICAS;1;60 HORAS;Del 27 de diciembre del  2021 al 6 de enero del año 2022;;1
ENCAP1-SG-RESNES-375;RESIDENTE DE OBRAS EN EDIFICACIONES;1;60 HORAS;Del 27 de diciembre del  2021 al 6 de enero del año 2022;;1
ENCAP1-SG-RESCAS-376;RESPONSABILIDAD PENAL, CIVIL Y ADMINISTRATIVA POR INCUMPLIMIENTO DE PROTOCOLOS EN OBRAS PÚBLICAS;1;60 HORAS;Del 27 de diciembre del  2021 al 6 de enero del año 2022;;1
ENCAP1-SG-SALTAL-377;SALUD MENTAL;1;60 HORAS;Del 27 de diciembre del  2021 al 6 de enero del año 2022;;1
ENCAP1-SG-SALNAL-378;SALUD OCUPACIONAL;1;60 HORAS;Del 27 de diciembre del  2021 al 6 de enero del año 2022;;1
ENCAP1-SG-SALDAD-379;SALUD OCUPACIONAL Y BIOSEGURIDAD;1;60 HORAS;Del 27 de diciembre del  2021 al 6 de enero del año 2022;;1
ENCAP1-SG-SALCAS-380;SALUD OCUPACIONAL Y MEDIO AMBIENTE (SSOMA) EN OBRAS PÚBLICAS;1;60 HORAS;Del 27 de diciembre del  2021 al 6 de enero del año 2022;;1
ENCAP1-SG-SALLES-381;SALUD OCUPACIONAL Y RIESGOS LABORALES;1;60 HORAS;Del 27 de diciembre del  2021 al 6 de enero del año 2022;;1
ENCAP1-SG-SALTIL-382;SALUD Y NUTRICIÓN INFANTIL;1;60 HORAS;Del 27 de diciembre del  2021 al 6 de enero del año 2022;;1
ENCAP1-SG-SANNAS-383;SANEAMIENTO FÍSICO LEGAL DE PREDIOS RURALES Y COMUNIDADES CAMPESINAS;1;60 HORAS;Del 27 de diciembre del  2021 al 6 de enero del año 2022;;1
ENCAP1-SG-SANNOS-384;SANEAMIENTO FÍSICO LEGAL DE PREDIOS URBANOS;1;60 HORAS;Del 27 de diciembre del  2021 al 6 de enero del año 2022;;1
ENCAP1-SG-SANNIO-385;SANEAMIENTO POR PRESCRIPCIÓN ADQUISITIVA DE DOMINIO;1;60 HORAS;Del 27 de diciembre del  2021 al 6 de enero del año 2022;;1
ENCAP1-SG-SECCIA-386;SECRETARIADO EJECUTIVO Y ASISTENTE DE GERENCIA;1;60 HORAS;Del 27 de diciembre del  2021 al 6 de enero del año 2022;;1
ENCAP1-SG-SEGSBC-387;SEGURIDAD BASADA EN EL COMPORTAMIENTO SBC;1;60 HORAS;Del 27 de diciembre del  2021 al 6 de enero del año 2022;;1
ENCAP1-SG-SEGNES-388;SEGURIDAD EN EDIFICACIONES;1;60 HORAS;Del 27 de diciembre del  2021 al 6 de enero del año 2022;;1
ENCAP1-SG-SEGNTE-389;SEGURIDAD EN EL TRABAJO, HIGIENE OCUPACIONAL Y MEDIO AMBIENTE;1;60 HORAS;Del 27 de diciembre del  2021 al 6 de enero del año 2022;;1
ENCAP1-SG-SEGNTE-390;SEGURIDAD EN TRABAJO EN CALIENTE;1;60 HORAS;Del 27 de diciembre del  2021 al 6 de enero del año 2022;;1
ENCAP1-SG-SEGURA-391;SEGURIDAD EN TRABAJOS DE ALTURA;1;60 HORAS;Del 27 de diciembre del  2021 al 6 de enero del año 2022;;1
ENCAP1-SG-SEGCOS-392;SEGURIDAD EN TRABAJOS ELÉCTRICOS;1;60 HORAS;Del 27 de diciembre del  2021 al 6 de enero del año 2022;;1
ENCAP1-SG-SEGLES-393;SEGURIDAD Y PREVENCIÓN DE RIESGOS LABORALES;1;60 HORAS;Del 27 de diciembre del  2021 al 6 de enero del año 2022;;1
ENCAP1-SG-SEGCOS-394;SEGURIDAD Y PREVENCIÓN EN RIESGOS ELÉCTRICOS;1;60 HORAS;Del 27 de diciembre del  2021 al 6 de enero del año 2022;;1
ENCAP1-SG-SEGAJO-395;SEGURIDAD Y SALUD EN EL TRABAJO;1;60 HORAS;Del 27 de diciembre del  2021 al 6 de enero del año 2022;;1
ENCAP1-SG-SEGRAS-396;SEGURIDAD Y SALUD EN EL TRABAJO EN EL REINICIO DE OBRAS;1;60 HORAS;Del 27 de diciembre del  2021 al 6 de enero del año 2022;;1
ENCAP1-SG-SEGLES-397;SEGURIDAD Y SALUD EN EL TRABAJO EN OBRAS CIVILES;1;60 HORAS;Del 27 de diciembre del  2021 al 6 de enero del año 2022;;1
ENCAP1-SG-SEGIÓN-398;SEGURIDAD Y SALUD EN EL TRABAJO EN OBRAS DE CONSTRUCCIÓN;1;60 HORAS;Del 27 de diciembre del  2021 al 6 de enero del año 2022;;1
ENCAP1-SG-SEGIÓN-399;SEGURIDAD Y SALUD EN EL TRABAJO PARA EL SECTOR DE CONSTRUCCIÓN;1;60 HORAS;Del 27 de diciembre del  2021 al 6 de enero del año 2022;;1
ENCAP1-SG-SEGOMA-400;SEGURIDAD, SALUD OCUPACIONAL Y MEDIO AMBIENTE SSOMA;1;60 HORAS;Del 27 de diciembre del  2021 al 6 de enero del año 2022;;1
ENCAP1-SG-SEGMAC-401;SEGURIDAD, SALUD OCUPACIONAL, MEDIO AMBIENTE Y CALIDAD SSOMAC;1;60 HORAS;Del 27 de diciembre del  2021 al 6 de enero del año 2022;;1
ENCAP1-SG-SELCAS-402;SELECCIÓN DE PERSONAL EN LA GESTIÓN PÚBLICA BAJO LA MODALIDAD CAS;1;60 HORAS;Del 27 de diciembre del  2021 al 6 de enero del año 2022;;1
ENCAP1-SG-SERNAS-403;SERVICIOS AUXILIARES Y VENTILACIÓN DE MINAS;1;60 HORAS;Del 27 de diciembre del  2021 al 6 de enero del año 2022;;1
ENCAP1-SG-SIEGUA-404;SIEMBRA Y COSECHA DE AGUA;1;60 HORAS;Del 27 de diciembre del  2021 al 6 de enero del año 2022;;1
ENCAP1-SG-SIGRÍA-405;SIGA  TESORERÍA;1;60 HORAS;Del 27 de diciembre del  2021 al 6 de enero del año 2022;;1
ENCAP1-SG-SIGNES-406;SIGA LOGISTICO Y ALMACENES;1;60 HORAS;Del 27 de diciembre del  2021 al 6 de enero del año 2022;;1
ENCAP1-SG-SIGNIO-407;SIGA PATRIMONIO;1;60 HORAS;Del 27 de diciembre del  2021 al 6 de enero del año 2022;;1
ENCAP1-SG-SIGICO-408;SIGA: MÓDULO LOGÍSTICO;1;60 HORAS;Del 27 de diciembre del  2021 al 6 de enero del año 2022;;1
ENCAP1-SG-SISRNO-409;SISTEMA DE CONTROL INTERNO;1;60 HORAS;Del 27 de diciembre del  2021 al 6 de enero del año 2022;;1
ENCAP1-SG-SISFOH-410;SISTEMA DE FOCALIZACIÓN DE HOGARES - SISFOH;1;60 HORAS;Del 27 de diciembre del  2021 al 6 de enero del año 2022;;1
ENCAP1-SG-SISRTH-411;SISTEMA DE INFORMACIÓN GEOGRÁFICA CON ARCGIS Y GOOGLE EARTH;1;60 HORAS;Del 27 de diciembre del  2021 al 6 de enero del año 2022;;1
ENCAP1-SG-SISBIP-412;SISTEMA DE INFORMACIÓN NACIONAL DE BIENES ESTATALES SINABIP;1;60 HORAS;Del 27 de diciembre del  2021 al 6 de enero del año 2022;;1
ENCAP1-SG-SIS3.0-413;SISTEMA ELECTRÓNICO DE LAS CONTRATACIONES DEL ESTADO - SE@CE 3.0;1;60 HORAS;Del 27 de diciembre del  2021 al 6 de enero del año 2022;;1
ENCAP1-SG-SIS-SP-414;SISTEMA INTEGRADO DE ADMINISTRACIÓN FINANCIERA SIAF-SP;1;60 HORAS;Del 27 de diciembre del  2021 al 6 de enero del año 2022;;1
ENCAP1-SG-SISMEF-415;SISTEMA INTEGRADO DE GESTIÓN ADMINISTRATIVA SIGA-MEF;1;60 HORAS;Del 27 de diciembre del  2021 al 6 de enero del año 2022;;1
ENCAP1-SG-SISNTO-416;SISTEMA NACIONAL DE ABASTECIMIENTO;1;60 HORAS;Del 27 de diciembre del  2021 al 6 de enero del año 2022;;1
ENCAP1-SG-SUPNES-417;SUPERVISIÓN DE OBRAS EN EDIFICACIONES;1;60 HORAS;Del 27 de diciembre del  2021 al 6 de enero del año 2022;;1
ENCAP1-SG-SUPCAS-418;SUPERVISIÓN DE OBRAS PÚBLICAS;1;60 HORAS;Del 27 de diciembre del  2021 al 6 de enero del año 2022;;1
ENCAP1-SG-SUPRAS-419;SUPERVISIÓN DE OPERACIONES MINERAS;1;60 HORAS;Del 27 de diciembre del  2021 al 6 de enero del año 2022;;1
ENCAP1-SG-SUPCAS-420;SUPERVISIÓN EN INSTALACIONES ELÉCTRICAS;1;60 HORAS;Del 27 de diciembre del  2021 al 6 de enero del año 2022;;1
ENCAP1-SG-SUPRAS-421;SUPERVISIÓN Y FISCALIZACIÓN DE OBRAS;1;60 HORAS;Del 27 de diciembre del  2021 al 6 de enero del año 2022;;1
ENCAP1-SG-SUPTAL-422;SUPERVISIÓN Y FISCALIZACIÓN DEL ESTUDIO DE IMPACTO AMBIENTAL;1;60 HORAS;Del 27 de diciembre del  2021 al 6 de enero del año 2022;;1
ENCAP1-SG-SUPADO-423;SUPERVISIÓN, DISEÑO Y CONSTRUCCIÓN DE EDIFICIOS DE CONCRETO ARMADO;1;60 HORAS;Del 27 de diciembre del  2021 al 6 de enero del año 2022;;1
ENCAP1-SG-SUPBIM-424;SUPERVISOR DE PROYECTOS BIM;1;60 HORAS;Del 27 de diciembre del  2021 al 6 de enero del año 2022;;1
ENCAP1-SG-SUPNAL-425;SUPERVISOR DE SEGURIDAD Y SALUD OCUPACIONAL;1;60 HORAS;Del 27 de diciembre del  2021 al 6 de enero del año 2022;;1
ENCAP1-SG-SUPSGO-426;SUPERVISOR DE TRABAJOS DE ALTO RIESGO;1;60 HORAS;Del 27 de diciembre del  2021 al 6 de enero del año 2022;;1
ENCAP1-SG-SUPBRA-427;SUPERVISOR E INSPECTOR DE OBRA;1;60 HORAS;Del 27 de diciembre del  2021 al 6 de enero del año 2022;;1
ENCAP1-SG-SUPLES-428;SUPERVISOR EN SEGURIDAD INDUSTRIAL Y PREVENCIÓN DE RIESGOS LABORALES;1;60 HORAS;Del 27 de diciembre del  2021 al 6 de enero del año 2022;;1
ENCAP1-SG-SUPAJO-429;SUPERVISOR EN SEGURIDAD Y SALUD EN EL TRABAJO;1;60 HORAS;Del 27 de diciembre del  2021 al 6 de enero del año 2022;;1
ENCAP1-SG-SUPAJO-430;SUPERVISOR IMPLEMENTADOR DEL PLAN DE VIGILANCIA Y CONTROL DEL COVID-19 EN EL TRABAJO;1;60 HORAS;Del 27 de diciembre del  2021 al 6 de enero del año 2022;;1
ENCAP1-SG-SUPNTE-431;SUPERVISOR SSOMA SEGURIDAD, SALUD Y MEDIO AMBIENTE;1;60 HORAS;Del 27 de diciembre del  2021 al 6 de enero del año 2022;;1
ENCAP1-SG-SUPMAC-432;SUPERVISOR SSOMAC;1;60 HORAS;Del 27 de diciembre del  2021 al 6 de enero del año 2022;;1
ENCAP1-SG-TASLES-433;TASACIONES DE PREDIOS URBANOS Y RURALES;1;60 HORAS;Del 27 de diciembre del  2021 al 6 de enero del año 2022;;1
ENCAP1-SG-TÉCURA-434;TÉCNICAS DE TRABAJO Y RESCATE EN ALTURA;1;60 HORAS;Del 27 de diciembre del  2021 al 6 de enero del año 2022;;1
ENCAP1-SG-TÉCCAD-435;TÉCNICO EN AUTOCAD;1;60 HORAS;Del 27 de diciembre del  2021 al 6 de enero del año 2022;;1
ENCAP1-SG-TÉCCAS-436;TÉCNICO EN CONSTRUCCIÓN CIVIL EN OBRAS PÚBLICAS;1;60 HORAS;Del 27 de diciembre del  2021 al 6 de enero del año 2022;;1
ENCAP1-SG-TECTOS-437;TECNOLOGÍAS DE LAS EMULSIONES ASFÁLTICAS Y SUS APLICACIONES EN PAVIMENTOS;1;60 HORAS;Del 27 de diciembre del  2021 al 6 de enero del año 2022;;1
ENCAP1-SG-TER-19-438;TERAPIA FÍSICA POST COVID-19;1;60 HORAS;Del 27 de diciembre del  2021 al 6 de enero del año 2022;;1
ENCAP1-SG-TICUAL-439;TIC’S Y ESTRATEGIAS DE ENSEÑANZA PARA LA DOCENCIA EN EDUCACIÓN VIRTUAL;1;60 HORAS;Del 27 de diciembre del  2021 al 6 de enero del año 2022;;1
ENCAP1-SG-TOPRÍA-440;TOPOGRAFÍA APLICADA A PROYECTOS DE INGENIERÍA;1;60 HORAS;Del 27 de diciembre del  2021 al 6 de enero del año 2022;;1
ENCAP1-SG-TOP 3D-441;TOPOGRAFÍA Y OBRAS CIVILES CON AUTOCAD CIVIL 3D;1;60 HORAS;Del 27 de diciembre del  2021 al 6 de enero del año 2022;;1
ENCAP1-SG-TRA-19-442;TRABAJO REMOTO EN TIEMPOS DE COVID-19;1;60 HORAS;Del 27 de diciembre del  2021 al 6 de enero del año 2022;;1
ENCAP1-SG-TRADOS-443;TRABAJOS EN ESPACIOS CONFINADOS;1;60 HORAS;Del 27 de diciembre del  2021 al 6 de enero del año 2022;;1
ENCAP1-SG-TRÁVOS-444;TRÁMITE DOCUMENTARIO Y GESTIÓN DE ARCHIVOS;1;60 HORAS;Del 27 de diciembre del  2021 al 6 de enero del año 2022;;1
ENCAP1-SG-TRAPAL-445;TRANSFERENCIA DE GESTIÓN REGIONAL Y MUNICIPAL;1;60 HORAS;Del 27 de diciembre del  2021 al 6 de enero del año 2022;;1
ENCAP1-SG-TRIIÓN-446;TRIBUTACIÓN;1;60 HORAS;Del 27 de diciembre del  2021 al 6 de enero del año 2022;;1
ENCAP1-SG-USORAS-447;USO DE SUELOS NO CONVENCIONALES PARA PAVIMENTOS EN CARRETERAS;1;60 HORAS;Del 27 de diciembre del  2021 al 6 de enero del año 2022;;1
ENCAP1-SG-USOADA-448;USO DE SUELOS NO CONVENCIONALES PARA PAVIMENTOS EN CARRETERAS CON SUPERFICIE ASFÁLTICA DELGADA;1;60 HORAS;Del 27 de diciembre del  2021 al 6 de enero del año 2022;;1
ENCAP1-SG-USOCAS-449;USO E IMPLEMENTACIÓN DE CUADERNO DE OBRA DIGITAL EN OBRAS PÚBLICAS;1;60 HORAS;Del 27 de diciembre del  2021 al 6 de enero del año 2022;;1
ENCAP1-SG-VALRAS-450;VALORIZACIÓN DE OBRAS;1;60 HORAS;Del 27 de diciembre del  2021 al 6 de enero del año 2022;;1
ENCAP1-SG-VALRAS-451;VALORIZACIÓN Y LIQUIDACIÓN DE OBRAS;1;60 HORAS;Del 27 de diciembre del  2021 al 6 de enero del año 2022;;1
ENCAP1-SG-VALATA-452;VALORIZACIÓN Y LIQUIDACIÓN DE OBRAS POR CONTRATA;1;60 HORAS;Del 27 de diciembre del  2021 al 6 de enero del año 2022;;1
ENCAP1-SG-VALCAS-453;VALORIZACIÓN Y LIQUIDACIÓN DE OBRAS PÚBLICAS;1;60 HORAS;Del 27 de diciembre del  2021 al 6 de enero del año 2022;;1
ENCAP1-SG-VALCTA-454;VALORIZACIÓN Y LIQUIDACIÓN DE OBRAS PÚBLICAS POR ADMINISTRACIÓN DIRECTA;1;60 HORAS;Del 27 de diciembre del  2021 al 6 de enero del año 2022;;1
ENCAP1-SG-VALCEL-455;VALORIZACIÓN, LIQUIDACIONES Y RECEPCIÓN DE OBRAS CON EXCEL;1;60 HORAS;Del 27 de diciembre del  2021 al 6 de enero del año 2022;;1
ENCAP1-SG-VALCAS-456;VALORIZACIÓN, RECEPCIÓN Y LIQUIDACIÓN DE OBRAS PÚBLICAS;1;60 HORAS;Del 27 de diciembre del  2021 al 6 de enero del año 2022;;1
ENCAP1-SG-VERRAL-457;VERIFICADOR CATASTRAL Y REGISTRAL;1;60 HORAS;Del 27 de diciembre del  2021 al 6 de enero del año 2022;;1
ENCAP1-SG-VIOIAR-458;VIOLENCIA CONTRA LAS MUJERES Y LOS INTEGRANTES DEL GRUPO FAMILIAR;1;60 HORAS;Del 27 de diciembre del  2021 al 6 de enero del año 2022;;1
ENCAP1-SG-VIOLES-459;VIOLENCIA FAMILIAR, DE GÉNERO Y DELITOS SEXUALES;1;60 HORAS;Del 27 de diciembre del  2021 al 6 de enero del año 2022;;1
ENCAP2-SG-ABALES-460;ABASTECIMIENTO Y LOGÍSTICA EN GOBIERNOS LOCALES Y REGIONALES;2;120 HORAS;;;1
ENCAP2-SG-ADMICA-461;ADMINISTRACIÓN Y GESTIÓN PÚBLICA;2;120 HORAS;;;1
ENCAP2-SG-ANÁNES-462;ANÁLISIS Y DISEÑO DE CIMENTACIONES;2;120 HORAS;;;1
ENCAP2-SG-ARBICA-463;ARBITRAJE Y JUNTA DE RESOLUCIÓN DE DISPUTAS EN LA CONTRATACIÓN PÚBLICA;2;120 HORAS;;;1
ENCAP2-SG-ASIIVO-464;ASISTENTE ADMINISTRATIVO;2;120 HORAS;;;1
ENCAP2-SG-ASIICA-465;ASISTENTE ADMINISTRATIVO EN LA GESTIÓN PÚBLICA;2;120 HORAS;;;1
ENCAP2-SG-ASIBLE-466;ASISTENTE CONTABLE;2;120 HORAS;;;1
ENCAP2-SG-ASILAS-467;ASISTENTE DE PLANILLAS;2;120 HORAS;;;1
ENCAP2-SG-ASIRAS-468;ASISTENTE TÉCNICO EN OBRAS;2;120 HORAS;;;1
ENCAP2-SG-ATEDAS-469;ATENCIÓN AL CLIENTE EN LAS ENTIDADES PÚBLICAS Y PRIVADAS;2;120 HORAS;;;1
ENCAP2-SG-ATSRÍA-470;ATS, PETS, PETAR E IPERC EN MINERÍA;2;120 HORAS;;;1
ENCAP2-SG-BIMIÓN-471;BIM EN LA CONSTRUCCIÓN;2;120 HORAS;;;1
ENCAP2-SG-BIOAJO-472;BIOSEGURIDAD Y SISTEMA DE SEGURIDAD Y SALUD EN EL TRABAJO;2;120 HORAS;;;1
ENCAP2-SG-CATRAL-473;CATASTRO MUNICIPAL, REGIONAL, URBANO Y RURAL;2;120 HORAS;;;1
ENCAP2-SG-COAZGO-474;COACHING Y LIDERAZGO;2;120 HORAS;;;1
ENCAP2-SG-CONTAL-475;CONTROL GUBERNAMENTAL;2;120 HORAS;;;1
ENCAP2-SG-COSRAS-476;COSTOS Y PRESUPUESTOS EN CARRETERAS;2;120 HORAS;;;1
ENCAP2-SG-COSCAS-477;COSTOS Y PRESUPUESTOS EN OBRAS PÚBLICAS;2;120 HORAS;;;1
ENCAP2-SG-COSCAS-478;COSTOS, PRESUPUESTOS Y PROGRAMACIÓN DE OBRAS PÚBLICAS;2;120 HORAS;;;1
ENCAP2-SG-DERIVO-479;DERECHO ADMINISTRATIVO;2;120 HORAS;;;1
ENCAP2-SG-DERVIL-480;DERECHO CIVIL Y PROCESAL CIVIL;2;120 HORAS;;;1
ENCAP2-SG-DERRAL-481;DERECHO LABORAL;2;120 HORAS;;;1
ENCAP2-SG-DIRPMI-482;DIRECCIÓN DE PROYECTOS BAJO EL ENFOQUE DEL PMI;2;120 HORAS;;;1
ENCAP2-SG-DISNES-483;DISEÑO DE CONCRETO ARMADO EN EDIFICACIONES;2;120 HORAS;;;1
ENCAP2-SG-DISÓN -484;DISEÑO DE ESTRUCTURAS METÁLICAS Y DE CONSTRUCCIÓN ;2;120 HORAS;;;1
ENCAP2-SG-DISCAS-485;DISEÑO DE INSTALACIONES ELÉCTRICAS;2;120 HORAS;;;1
ENCAP2-SG-DISMEP-486;DISEÑO DE INSTALACIONES SANITARIAS CON REVIT MEP;2;120 HORAS;;;1
ENCAP2-SG-DISNTO-487;DISEÑO Y SUPERVISIÓN DE OBRAS DE AGUA POTABLE Y SANEAMIENTO;2;120 HORAS;;;1
ENCAP2-SG-DISLES-488;DISEÑO, GESTIÓN Y ELABORACIÓN DE EXPEDIENTES DE PROYECTOS DE AGUA POTABLE, SANEAMIENTO ALCANTARILLADO Y TRATAMIENTO DE AGUAS RESIDUALES;2;120 HORAS;;;1
ENCAP2-SG-EJECAS-489;EJECUCIÓN Y CONTROL DE OBRAS PÚBLICAS;2;120 HORAS;;;1
ENCAP2-SG-ELARAL-490;ELABORACIÓN DE EXPEDIENTES TÉCNICOS EN SANEAMIENTO URBANO Y RURAL;2;120 HORAS;;;1
ENCAP2-SG-ELALES-491;ELABORACIÓN DE EXPEDIENTES TÉCNICOS MUNICIPALES;2;120 HORAS;;;1
ENCAP2-SG-ELARAS-492;ELABORACIÓN DE EXPEDIENTES TECNICOS PARA OBRAS;2;120 HORAS;;;1
ENCAP2-SG-ELA.PE-493;ELABORACIÓN Y SUPERVISIÓN DE FICHAS TÉCNICAS, IOARRS, PERFILES EXPEDIENTES TÉCNICOS Y FORMATOS DE REGISTRO SEGÚN EL INVIERTE.PE;2;120 HORAS;;;1
ENCAP2-SG-EXCNAL-494;EXCEL PROFESIONAL;2;120 HORAS;;;1
ENCAP2-SG-EXPTSE-495;EXPEDIENTES TÉCNICOS DE SEGURIDAD EN OBRAS DE EDIFICACIÓN ITSE;2;120 HORAS;;;1
ENCAP2-SG-EXPRAS-496;EXPEDIENTES TÉCNICOS, VALORIZACIONES Y LIQUIDACIONES DE OBRAS;2;120 HORAS;;;1
ENCAP2-SG-EXPCEL-497;EXPERTO EN EXCEL;2;120 HORAS;;;1
ENCAP2-SG-FINZAS-498;FINANZAS;2;120 HORAS;;;1
ENCAP2-SG-GEORAS-499;GEOTÉCNIA E HIDRÁULICA EN CARRETERAS;2;120 HORAS;;;1
ENCAP2-SG-GESTAL-500;GESTIÓN AMBIENTAL, EVALUACIÓN Y ESTUDIOS DE IMPACTO AMBIENTAL;2;120 HORAS;;;1
ENCAP2-SG-GESLES-501;GESTIÓN DE GOBIERNOS LOCALES Y REGIONALES;2;120 HORAS;;;1
ENCAP2-SG-GESECT-502;GESTIÓN DE PROYECTOS CON MS PROJECT;2;120 HORAS;;;1
ENCAP2-SG-GES P6-503;GESTIÓN DE PROYECTOS DE CONSTRUCCIÓN CON PRIMAVERA P6;2;120 HORAS;;;1
ENCAP2-SG-GESRAS-504;GESTIÓN DE PROYECTOS VIALES, RESIDENCIA Y SUPERVISIÓN DE CARRETERAS;2;120 HORAS;;;1
ENCAP2-SG-GESVIL-505;GESTIÓN DE RECURSOS HUMANOS Y LA LEY DEL SERVICIO CIVIL;2;120 HORAS;;;1
ENCAP2-SG-GESDOS-506;GESTIÓN DE RESIDUOS SÓLIDOS;2;120 HORAS;;;1
ENCAP2-SG-GESTAL-507;GESTIÓN DE TESORERÍA GUBERNAMENTAL;2;120 HORAS;;;1
ENCAP2-SG-GESNAL-508;GESTIÓN DEL TALENTO HUMANO Y SELECCIÓN DE PERSONAL;2;120 HORAS;;;1
ENCAP2-SG-GESSOS-509;GESTIÓN POR PROCESOS;2;120 HORAS;;;1
ENCAP2-SG-GESICA-510;GESTIÓN POR PROCESOS EN LA GESTIÓN PÚBLICA;2;120 HORAS;;;1
ENCAP2-SG-GESICA-511;GESTIÓN PÚBLICA;2;120 HORAS;;;1
ENCAP2-SG-GESPAL-512;GESTIÓN PÚBLICA MUNICIPAL;2;120 HORAS;;;1
ENCAP2-SG-GESADO-513;GESTIÓN Y ADMINISTRACIÓN DE ALMACENES DEL ESTADO;2;120 HORAS;;;1
ENCAP2-SG-GESLES-514;GESTIÓN Y CONTROL DE BIENES PATRIMONIALES;2;120 HORAS;;;1
ENCAP2-SG-GESCAS-515;GESTIÓN Y EJECUCIÓN DE OBRAS PÚBLICAS;2;120 HORAS;;;1
ENCAP2-SG-GESLES-516;GESTIÓN Y MANEJO DE CONFLICTOS SOCIALES;2;120 HORAS;;;1
ENCAP2-SG-HEROTO-517;HERRAMIENTAS DIGITALES PARA EL TRABAJO REMOTO;2;120 HORAS;;;1
ENCAP2-SG-HIDNES-518;HIDRÁULICA FLUVIAL, DISEÑO DE DEFENSAS RIBEREÑAS Y GAVIONES;2;120 HORAS;;;1
ENCAP2-SG-IMPTAL-519;IMPACTO AMBIENTAL;2;120 HORAS;;;1
ENCAP2-SG-IMPOES-520;IMPLEMENTACIÓN DEL SISTEMA HACCP, BPM Y POES;2;120 HORAS;;;1
ENCAP2-SG-INGRAS-521;INGENIERÍA EN PAVIMENTOS Y CARRETERAS;2;120 HORAS;;;1
ENCAP2-SG-INGLÉS-522;INGLÉS;2;120 HORAS;;;1
ENCAP2-SG-INSNES-523;INSTALACIONES ELÉCTRICAS EN EDIFICACIONES;2;120 HORAS;;;1
ENCAP2-SG-INT001-524;INTERPRETACIÓN E IMPLEMENTACIÓN DE LA TRINORMA ISO 9001, ISO 14001 E ISO 45001;2;120 HORAS;;;1
ENCAP2-SG-ISO001-525;ISO 45001;2;120 HORAS;;;1
ENCAP2-SG-LEGRAL-526;LEGISLACIÓN LABORAL, SEGURIDAD Y SALUD EN EL TRABAJO Y FISCALIZACIÓN LABORAL;2;120 HORAS;;;1
ENCAP2-SG-LEYADO-527;LEY DE CONTRATACIONES DEL ESTADO;2;120 HORAS;;;1
ENCAP2-SG-LEYCAS-528;LEY DE CONTRATACIONES DEL ESTADO APLICADO A OBRAS PÚBLICAS;2;120 HORAS;;;1
ENCAP2-SG-LEYRAL-529;LEY DEL PROCEDIMIENTO ADMINISTRATIVO GENERAL;2;120 HORAS;;;1
ENCAP2-SG-LICNES-530;LICENCIA DE HABILITACIONES URBANAS Y EDIFICACIONES;2;120 HORAS;;;1
ENCAP2-SG-MAEVIL-531;MAESTRO DE OBRA EN LA CONSTRUCCIÓN CIVIL;2;120 HORAS;;;1
ENCAP2-SG-MAN-19-532;MANEJO DE PACIENTES COVID-19;2;120 HORAS;;;1
ENCAP2-SG-MANACE-533;MANEJO DE SISTEMAS INFORMÁTICOS GUBERNAMENTALES SIGA-SIAF-SEACE;2;120 HORAS;;;1
ENCAP2-SG-MANCIO-534;MANTENIMIENTO DE CARRETERA POR NIVELES DE SERVICIO;2;120 HORAS;;;1
ENCAP2-SG-MANRAS-535;MANTENIMIENTO Y REHABILITACIÓN DE CARRETERAS;2;120 HORAS;;;1
ENCAP2-SG-MECLOS-536;MECÁNICA DE SUELOS;2;120 HORAS;;;1
ENCAP2-SG-METNES-537;METRADOS EN EDIFICACIONES;2;120 HORAS;;;1
ENCAP2-SG-NUTLUD-538;NUTRICIÓN, DIETÉTICA Y SALUD;2;120 HORAS;;;1
ENCAP2-SG-OFIICA-539;OFIMÁTICA APLICADA A LA GESTIÓN PÚBLICA;2;120 HORAS;;;1
ENCAP2-SG-OFIIAL-540;OFIMÁTICA EMPRESARIAL;2;120 HORAS;;;1
ENCAP2-SG-OFINAL-541;OFIMÁTICA PROFESIONAL;2;120 HORAS;;;1
ENCAP2-SG-PLAICA-542;PLANEAMIENTO ESTRATÉGICO EN LA GESTIÓN PÚBLICA;2;120 HORAS;;;1
ENCAP2-SG-PLAICO-543;PLANEAMIENTO ESTRATÉGICO Y PRESUPUESTO PÚBLICO;2;120 HORAS;;;1
ENCAP2-SG-PRESCE-544;PREPARACIÓN PARA LA CERTIFICACIÓN OSCE;2;120 HORAS;;;1
ENCAP2-SG-PREFIL-545;PREPARACIÓN PARA LA SUNAFIL;2;120 HORAS;;;1
ENCAP2-SG-PREDOS-546;PRESUPUESTOS POR RESULTADOS;2;120 HORAS;;;1
ENCAP2-SG-PREIÓN-547;PREVENCIÓN DE RIESGOS EN OBRAS Y CONSTRUCCIÓN;2;120 HORAS;;;1
ENCAP2-SG-PRENAL-548;PREVENCIONISTA DE RIESGOS, SEGURIDAD Y SALUD OCUPACIONAL;2;120 HORAS;;;1
ENCAP2-SG-PRELES-549;PREVENCIONISTA EN SEGURIDAD, SALUD OCUPACIONAL Y PREVENCIÓN DE RIESGOS LABORALES;2;120 HORAS;;;1
ENCAP2-SG-PRIIOS-550;PRIMEROS AUXILIOS;2;120 HORAS;;;1
ENCAP2-SG-PROPAD-551;PROCEDIMIENTO ADMINISTRATIVO DISCIPLINARIO – PAD;2;120 HORAS;;;1
ENCAP2-SG-PROECT-552;PROGRAMACIÓN, CONTROL Y SEGUIMIENTO DE OBRAS CON S10 Y MS PROJECT;2;120 HORAS;;;1
ENCAP2-SG-PRO.PE-553;PROGRAMACIÓN, FORMULACIÓN Y GESTIÓN DE PROYECTOS DE INVERSIÓN PÚBLICA – INVIERTE.PE;2;120 HORAS;;;1
ENCAP2-SG-PROIÓN-554;PROGRAMACIÓN, METRADOS, COSTOS, PRESUPUESTOS Y VALORIZACIÓN;2;120 HORAS;;;1
ENCAP2-SG-QUEHUA-555;QUECHUA;2;120 HORAS;;;1
ENCAP2-SG-RECICA-556;RECURSOS HUMANOS Y EL NUEVO PERFIL EN LA GESTIÓN PÚBLICA;2;120 HORAS;;;1
ENCAP2-SG-REDICA-557;REDACCIÓN DE DOCUMENTOS EN LA GESTIÓN PÚBLICA;2;120 HORAS;;;1
ENCAP2-SG-REDADO-558;REDACCIÓN PROFESIONAL DE DOCUMENTOS ADMINISTRATIVOS PARA EL SECTOR PÚBLICO Y PRIVADO;2;120 HORAS;;;1
ENCAP2-SG-RESRAS-559;RESIDENCIA Y SUPERVISIÓN DE OBRAS;2;120 HORAS;;;1
ENCAP2-SG-RESRAS-560;RESIDENCIA, SUPERVISIÓN Y SEGURIDAD DE OBRAS;2;120 HORAS;;;1
ENCAP2-SG-RESCAS-561;RESIDENTE DE OBRAS PÚBLICAS;2;120 HORAS;;;1
ENCAP2-SG-SEA3.0-562;SEACE 3.0;2;120 HORAS;;;1
ENCAP2-SG-SECCIA-563;SECRETARIADO EJECUTIVO Y ASISTENTE DE GERENCIA;2;120 HORAS;;;1
ENCAP2-SG-SEGNTE-564;SEGURIDAD EN EL TRABAJO, HIGIENE OCUPACIONAL Y MEDIO AMBIENTE;2;120 HORAS;;;1
ENCAP2-SG-SEGAJO-565;SEGURIDAD Y SALUD EN EL TRABAJO;2;120 HORAS;;;1
ENCAP2-SG-SEGICO-566;SEGURIDAD Y SALUD EN EL TRABAJO EN EL SECTOR ELÉCTRICO;2;120 HORAS;;;1
ENCAP2-SG-SEGERO-567;SEGURIDAD Y SALUD EN EL TRABAJO EN EL SECTOR MINERO;2;120 HORAS;;;1
ENCAP2-SG-SEGRAS-568;SEGURIDAD Y SALUD EN EL TRABAJO EN OBRAS;2;120 HORAS;;;1
ENCAP2-SG-SEGLES-569;SEGURIDAD Y SALUD EN EL TRABAJO EN OBRAS CIVILES;2;120 HORAS;;;1
ENCAP2-SG-SEGOMA-570;SEGURIDAD, SALUD OCUPACIONAL Y MEDIO AMBIENTE SSOMA;2;120 HORAS;;;1
ENCAP2-SG-SIGICA-571;SIGA LOGÍSTICA;2;120 HORAS;;;1
ENCAP2-SG-SIGMEF-572;SIGA MEF;2;120 HORAS;;;1
ENCAP2-SG-SISRNO-573;SISTEMA DE CONTROL INTERNO;2;120 HORAS;;;1
ENCAP2-SG-SISRÍA-574;SISTEMA DE GESTIÓN DE SEGURIDAD Y SALUD EN EL TRABAJO EN MINERÍA;2;120 HORAS;;;1
ENCAP2-SG-SIS.PE-575;SISTEMA DE INVERSIÓN PÚBLICA INVIERTE.PE;2;120 HORAS;;;1
ENCAP2-SG-SISIAF-576;SISTEMA INTEGRADO DE ADMINISTRACIÓN FINANCIERA SIAF;2;120 HORAS;;;1
ENCAP2-SG-SISACE-577;SISTEMAS ADMINISTRATIVOS EN LA GESTIÓN PÚBLICA SIAF, SIGA Y SEACE;2;120 HORAS;;;1
ENCAP2-SG-SUPNES-578;SUPERVISIÓN DE OBRAS EN EDIFICACIONES;2;120 HORAS;;;1
ENCAP2-SG-SUPBRA-579;SUPERVISOR E INSPECTOR DE OBRA;2;120 HORAS;;;1
ENCAP2-SG-TRÁVOS-580;TRÁMITE DOCUMENTARIO Y GESTIÓN DE ARCHIVOS;2;120 HORAS;;;1
ENCAP2-SG-TRIIÓN-581;TRIBUTACIÓN;2;120 HORAS;;;1
ENCAP2-SG-VALRAS-582;VALORIZACION Y LIQUIDACION DE OBRAS;2;120 HORAS;;;1
ENCAP2-SG-VALCAS-583;VALORIZACIÓN Y LIQUIDACIÓN FINANCIERA DE OBRAS PÚBLICAS;2;120 HORAS;;;1
ENCAP2-SG-VALCAS-584;VALORIZACIÓN, ADELANTOS DIRECTOS, MATERIALES, MAYORES GASTOS GENERALES, REAJUSTE, DEDUCCIÓN, AMORTIZACIÓN Y LIQUIDACIÓN DE OBRAS PÚBLICAS;2;120 HORAS;;;1
ENCAP3-SG-ADMICA-585;ADMINISTRACIÓN Y GESTIÓN PÚBLICA;3;220 HORAS;;;1
ENCAP3-SG-ATEDAS-586;ATENCIÓN AL CLIENTE EN LAS ENTIDADES PÚBLICAS Y PRIVADAS;3;220 HORAS;;;1
ENCAP3-SG-COAZGO-587;COACHING Y LIDERAZGO;3;220 HORAS;;;1
ENCAP3-SG-CONADO-588;CONTRATACIONES DEL ESTADO;3;220 HORAS;;;1
ENCAP3-SG-DISNTO-589;DISEÑO Y SUPERVISIÓN DE OBRAS DE AGUA POTABLE Y SANEAMIENTO;3;220 HORAS;;;1
ENCAP3-SG-EXPRAS-590;EXPEDIENTES TÉCNICOS, VALORIZACIONES Y LIQUIDACIONES DE OBRAS;3;220 HORAS;;;1
ENCAP3-SG-EXPCEL-591;EXPERTO EN EXCEL;3;220 HORAS;;;1
ENCAP3-SG-GESTAL-592;GESTIÓN AMBIENTAL, EVALUACIÓN Y ESTUDIOS DE IMPACTO AMBIENTAL;3;220 HORAS;;;1
ENCAP3-SG-GESSOS-593;GESTIÓN POR PROCESOS;3;220 HORAS;;;1
ENCAP3-SG-GESICA-594;GESTIÓN PÚBLICA;3;220 HORAS;;;1
ENCAP3-SG-INFIAL-595;INFRAESTRUCTURA VIAL;3;220 HORAS;;;1
ENCAP3-SG-LEGRAL-596;LEGISLACIÓN LABORAL, SEGURIDAD Y SALUD EN EL TRABAJO Y FISCALIZACIÓN LABORAL;3;220 HORAS;;;1
ENCAP3-SG-RESCAS-597;RESIDENCIA, SUPERVISIÓN Y SEGURIDAD DE OBRAS PÚBLICAS;3;220 HORAS;;;1
ENCAP3-SG-SEGOMA-598;SEGURIDAD, SALUD OCUPACIONAL Y MEDIO AMBIENTE SSOMA;3;220 HORAS;;;1
